,text,label
0,结婚 孩子 结婚 孩子 婚 驴,1
1,妈 有人 来性 侵 封口费 那种,1
2,一类 形容 爹味 贬义词 性别歧视 意味,1
3,姐姐 急 关注 久 骂 渴婚 骂 学 艺术 骂 不肯 培养 儿子 培养 女儿 女儿 学 跳舞 弹琴 想 女儿 加码 卖 更好 价钱 骂 艺术 目的性 学 恶心 目的 想法 好气 明明 骂 男人 更毒 厉害 涉及 人身攻击,1
4,权利 女权 腐女 说 腐女 女权 女同性恋 女权 腐女 男同性恋 女同性恋 眼里 隐身,1
5,此类 平时 少见 这位 一谈 feminist 女拳 同学 令 想 隔 屏幕 重拳出击,1
6,夫妻 相处 之道 抓拍 一小 段 原因 看着 好看 人身攻击 批评 过头 抠字眼 估计 是因为 微博太多 那种 文章 家务 平摊 男生 说 帮 女生 忙 家务 两个 分担 帮 估计 文章 太,1
7,你拉鸡 八倒 法律 说 人人平等 现实 真的 人人平等 搞笑 现实 看不到 装作 看不到,1
8,说 metoo 特例 骡子 洗白 顺便 metoo 骂 狗屁 报道 准确 运动 发起 两面性 当作 工具 效益 一通 乱 喷 真的 搞笑 metoo QJ 没人 说话,1
9,WA 话 说 没错 当年 颁奖 季 🍵 站 metoo,1
10,谢谢您 祝福 感谢 男人 拼杀 战场 卫国保家 不想 花木兰 只想 女人,1
11,逻辑 醉 一辈子 活在 社会 人文 关怀 下才 残疾人 受 社会 关怀 区别 男女平等 男女 社会 机会 平等 惩罚 罪犯 受害者 关 说实话 男权 附属品 谢谢,1
12,太对 前男友 讲道理 胡搅蛮缠 逻辑 反驳 说 受不了 发 长篇大论 短信 牛皮 承认 说 讲道理 反驳 打压 不想 听 划掉 讲道理,1
13,理解 这是 一种 平等 之下 差异 法律 局限性 这是 不可否认 社会 确实 男权 社会 法律 跳出 圈子 处于 弱势 地位 女性 保护 保护 男性 qj 法律 只不过 保护 力度 保护 妇女 力度 立法 角度 实践 中 执行 不好,1
14,女权 女权 实际上 女性 特征 女性 非常容易 男生 交流 谈得上 仇 男 这才 平等,1
15,重点 metoo 保护 性侵 女性 攻击 男性 阿萨 里 性 侵者 实施 舒服 性行为 metoo qj 性侵 舒服 性行为 等同 女性 有权 公开 讨论 舒服 性行为 公开 讨论 毁掉 男性 男性 嘿咻时 懂 尊重 女性 找 五指 姑娘,1
16,普京 点赞 孩子 爸爸妈妈 婚姻 一男一女 事 我国 点赞 婚姻法 捍卫 中华民族 公序良 俗 婚姻 一男一女 之间,1
17,有人 说 韩国 女权 太难 女权 难 想法 早 根深蒂固 生理 原因 女性 有人 说 女性 家庭 中 地位 高 事实上 性别 之分 女性 照顾 谦让 特殊照顾 平等 女性 控诉 女生 照顾 解决 简单,1
18,老公 本来 想 巨婴 不知 活成 老妈子 当妈 退行 撒娇 甩手掌柜 我要 干仗 攻击,1
19,女性 解放 解放 男性 解放 这是 建立 个人主义 前提 之下 消解 权威 追求 多元 回归 尊重 个体差异 个体 选择 戴 锦华 老师 说 女性主义 罩 男权 面纱 文化 面临 花木兰 式 境遇 内在 逻辑 置换 非 一种 逻辑 寄希望于 女性 生命 经验 累积 历史 一种 资源 面对 男性 主导 现代文明 一种 力量 打开 可能性,1
20,男性 摧毁 包装 成爱 洛丽塔 命运 定下 悲剧 基调,1
21,长得 漂亮 身材 失足 难 巨额 赌债,1
22,性侵 钱 愿 钱 少付 性侵 😄,1
23,田园 女权 啥意思 btw 洗脑 真 女权 精彩 男人 汗颜,1
24,遏制 metoo 类型 活动 隔 段时间 每次 少量 冤枉 男性 明白,1
25,男 大叔 女 阿姨 网上 粉丝 巨多且 自称 形容 姨 男性 V 菜头 刘仲敬 魅惑 蓝心 侮辱,1
26,生孩 自由 和平 权站 角度 本来 平权 社会 地位 工作 机会 平等 生 孩子 家里 事 生不生 孩子 家里 说了算 生 孩子 女性 压榨 夫妻 携手 建立 家庭 养育 孩子 孝敬父母 不该 正常人 追求,1
27,分化 阶级 内部 方式 无产阶级 早就 说 一律平等 资产阶级 发展 黑白 黄赤 男女 lgbtqqiaa 权利 说白了 一套 分化 阶级矛盾 厉害,1
28,社会 保守派 有仇 特指 女性 偏坡 既得利益 自然 同性恋 支持 女权运动 但仇 说不上 90 gay 仇女 节奏 两性 矛盾 源自 早期 社会 生产力 性别 社会 女性 脑力劳动 丝毫 男性 弱 生产力 生产关系 女性 社会 生产力 地位 历史 男性 地位 主导 些许 矛盾 矛盾 说 很大 说 很小 小编 弱智 两性 矛盾 节奏 ⌚ ️ cherry 中国 如出一辙 带仇 男 节奏 遭来 男性 嘴 恶性循环 缓和 解决矛盾 天天 隔 节奏,1
29,声音 听到 面对 男权 太 擅长 利益 装傻充愣,1
30,豆瓣 发现 豆瓣 姐妹 清醒 女权 话题 在鹅组 讨论 负面 组规 禁止 田园 女权 言辞 豆瓣 男 一副 假装 清新 嘴脸 最少 骂娘,1
31,李子 说 情况 行业 需求 大部分 情况 社会 男女 机会 领导 明明 工作 中 倚仗 女性 下属 场合 说 女性 不行 孩子 请假 搬不动 东西 麻烦 死 招聘 时 结婚 担心 将来 结婚 请 产假 结了婚 担心 孩子 不停 请假 讨论 这条 说 没盾 行业 特殊要求 形式 平等 忽略 需求 餐饮 幼儿教育 从业人员 健康证 说 歧视 肺结核 病患 性别,1
32,真的 太 说话 竞技 运动 世界 里 柯洁 微博 成 仇女 集中营,1
33,女权 程度 平权 女权 女权 争议 女权 听 aggressive ⬇ ️,1
34,我体 体谅 女友 做好 做 做好 做 在我看来 讲 女权 真的 女权 落 实处 女生 王 医生 独立 收入 高 学历 高等 承认 错误 言论 阻止 女性 平权 运动 真的 平权 说出 这篇微 博里 功利 人活 世上 本来 平等 抗争 自怨自艾 祥林嫂 于事 无益 更何况 王 医生 教唆 有损 婚姻 事情 走 平权 抗争 体谅 体谅 说 平权 理论 事实上 男性 在生活中 承担 没法 自愿 逼迫 成 理所应当 王 医生 言论 着实 过激 认同 抗争 抗争 合法权益 发声 反抗 人会 推进 法制 女 生恐 婚 身边 男性 朋友 恐 微博上 女生 维护 利益 过激 言论 女性 贴 物质化 标签 导致 男生 女生 重利 忘义 嫌贫爱富 王 医生 类似 言论 阻碍 女性 平权 性别歧视 抗争 地方 用人单位 思考 女性 一入 职 沾 企业 便宜 怀孕 产假 一条龙 享受 完 国企 福利 离职 高薪 私企 努力争取 平等 女性 生育 相关 没法 平等 只能 说 老公 照顾 体贴 孩子 男性 过年 小家 一年 一家 姓氏 孩子 父母 姓氏 合在一起 做 复姓 两个 孩子 解决办法,1
35,掌管 经济 抨击 点 认可 女性 掌管 家中 财政 转移 财产 换个 男性 婚姻 中 转移 共同财产 说 忠于 婚姻 表现 婚姻 中是 错误 这能 带来 个人利益 损害 婚姻 共同利益 怼 男性 女性 怼 背离 婚姻 担心 人品 结婚 想 保护 婚前 协议 不清不楚 算 说 中年 男性 干 垃圾 事儿 可耻 做 事情 值得 鼓励 房产证 加名 彩礼 转移 共同财产 关联 层主 出轨 男性 权益 保护 签订 婚前 协议 过失 净身 出户 样子 转移 共同财产 阅读 层主 结婚 一步步 像是 啥意思,1
36,逻辑 里 男性 奋斗 女性 生育 男性,1
37,贞操 观念 女孩子 越 接受 强暴 事实 房思琪 不爱上 强暴 活下去 理由,1
38,百事 256 说 女权 在力 挺川美 侵台 军宅 粉红 互动 可欢,1
39,不婚 男 反婚 男 三个 月 半年 换个 女朋友 生活 乐 无边,1
40,想 社会 体制 变得 公平 有时候 劝服 权力 运行 女性 推至 不利 地位,1
41,看过 围城 男性 角色 讨厌,1
42,身边 女博士 40 结婚 女同事 丁克 女同事 生 两个,1
43,嘲 铁 T 妄图 正义 化 gay 当之无愧 死 基佬 这条 po 内涵 贵一 学姐 一天天 羊水 宝拥 趸 女权 斗士 追着 玟 星喊 帅哥 嘲 铁 T 女团 真的 有够 双标,1
44,大部分 喜欢 听 真话 听 虚伪 东西 社会 男人 硬,1
45,理解 郑秀文 原谅 许志安 奶茶 钱 利益 肯定 感情 牢固,1
46,理解 loveislove 同性恋 无所谓 爱 喜欢 喜欢 承担 喜欢 同性 孩子 权利 剥夺 权利 代孕 骗婚 达成 目的 未免太 恶心 点,1
47,心态 常态 希望 借助 帮 改成 想要 有点像 我国 jc 家暴 接警 男 抓走 女 撒泼 始终 记得 一句 话 希望 改好 就行了 原 po 这方面 描述 缺失 见过 父母 相处 过程 中 结婚 话 难听 婚姻 真的 家庭 事 养猫 结婚 事情 顾虑 真的 自私 男 女方 说 真的 没法 接受 网上 求助 明明 三观 硬要 分个 三六九 讲真 养猫 狗 懂 我妈 猫 狗 随便 养养 观念 在我看来 评论 可怕 讨厌 结婚 微博上 女人 结婚 失败 在家 生 孩子 孩子 失败 观念 想,1
48,男女 发声 权力 仇女 厌 男 可取 现象 平权 远 女性 被压迫 过激 一种 社会 现象 言论 倒 算 理智 客观 支持 男女 平权 女性 经济 独立 时刻 维护 权力 随处可见 不公 发表意见 声 说 不好 事实上 女权运动 本质 平等 反 压迫 女权 换成 当初 男权 矫枉过正 更是 性别 自卑 自信,1
49,白人 美洲 移民 日本 移民 东北 开拓 团 类似 性质 侵略 集团 扩张 战争 国家 组织 导 种族 扩张 大规模 移民 自发 潜意识 种族 扩张 占领 新 土地 繁衍 人口 摧毁 文明 扩张 文明 黑绿 移民 潮 做 事 纳粹德国 区别 费 一枪 一弹 哺乳动物 想 生育 本能 生育 男女 责任 涉及 养老 经济 民族 生存 扩张 欧洲 权利 反对 集体 加诸 责任 爱 中国 女性 创造 人口 民族 个体 责任 分 男女 无论是 养老 角度 经济 持续 发展 角度 族群 扩张 角度 反对 女权 逆向 民族主义 倾向 类似 欧洲 权利 责任 反婚 反育 反对 养老金 改革 诅咒 老年人 快点 死 黑绿 种族 入侵 文明 崩塌,1
50,女性 处于 弱势 地位 额外 保护 中国 平等 彩礼 文化 男方 买房 文化 物化,1
51,完全同意 不让 爱上 活下去 理由 强迫 爱上 令人作呕 男人 强迫 背后 恨 痛苦 爱 星星 情绪 反复 精神 纹 乱 鲍某 精心设计 私欲 发泄 权利 控制,1
52,拎不清 追求 性骚扰 直 男 体验 喜欢 纠缠 不休 能分 清,1
53,男同事 说 路边 开 树 一股 精液 味道 说 说错 这是 臭椿 怪味 石楠,1
54,算了 说 说 浪费 半天 时间 改变 事实 事实 样 当年 事情 意义 消息 内幕 轻易 透出来 欧美 透露 传到 大陆 上外 网 消息 东西 本来 欧美国家 全靠 媒体报道 真实 内幕 说 墙头草 事 哪来 听说 wa 说 🍵 子虚乌有 事 关键 WA 说 茶 公开 谴责 🍵 公开 说 wa 不好 说 几句 话 属实 真的 公开 谴责 关键 公开 说,1
55,男女 平等 确实 女性 先天 生理性 弱势 导致 意义 平等 确实 意味着 一方 承担 想到 红色 药丸 说到底 掌权者 承担 承担 压力 施加 男性 群体 身上 导致 性别歧视 一条 评论 说 一方 强于 另一方 情况 跳出 平等 中立 搞笑 真的 搞笑,1
56,女性 工作 生活 中 歧视 想 大部分 给予 谴责 平权 像是 msl 温和 女权 希望 理智 方式 大众 支持 女性 平权 激进 田园 女权 希望 平等 平等 特权,1
57,真相 随波逐流 盲目 战队 没错 metoo 平权 运动 witchhunt 艺人 yxh 🍵 流量 拎 老爷子 写 整整 本书 不信 单说 🍵 公开 站 metoo 捐 片酬 老爷子 肯定 划清界限 有名 导演 莫须有 罪名 选中 新人 演员 捅 刀子 肯定 不乐意 wa 很难 说 后悔 合作,1
58,太轻 强奸 判 三年 你告 报复 判 一辈子 阉割,1
59,中国 教授 女 学生 性骚扰 一个个 好好,1
60,哭 可怜 姑娘 典型 亚洲 强权 压迫 帮凶 导师 披 皮 畜生,1
61,粉圈 花钱 做 数据 做 周边 中立 核心 派 放出去 咬人 疯狗 派 事后 收场 甩锅装 白莲 圣母 派 女权 男人 重拳出击 女人 循循善诱 希望 内耗 撕 逼 婚 女单 女 舔 男权 女,1
62,压迫 剥削 人类 天性 动物 吃 动物 动物 天性 剥削 动物 压迫 同类 人类 压迫 同类 男人 压迫 女人 女人 压迫 男人 女人 压迫 天性 女人 不算,1
63,正 爱情 弥足珍贵 出自 想法 去掉 男女 偏见 歧视 东西 互相理解 第一位 写 足够 足够 真 性别 无关 女化 当做 受 角色 一种 低劣 化 观点 出自于 非常明显 像是 zzzq 男性 男性 感情 高 真 男性 配得 男性 特 男尊女卑 思想 男性 女性 之间 相互理解 原因 不行 住 时 性别 鄙夷 时 不适 打算 谈恋爱 打算 结婚 生子 喜欢 东西 男孩子 喜欢 东西 沾沾自喜 男性 尊崇 可见一斑 我脑 一套 男尊女卑 说 确实 性别 平等 女性 不行 言论 敏感 不愿 鄙视 不愿 视作 仅此而已 算 男权 大男子主义 听 挺 奇怪 不太好 形容 确实 里头 分析 真的 恐 男 出自于 脑内 男女 阶级 制度 东西 男性 主义,1
64,消防员 空气 呼吸器 消防 靴 携带 器材 灭火 救援 时 40 斤 起步 负重 女性 身体瘦弱 男性 系统 训练 军人 警察 消防员 职业 限男有 职业 体力 高 敌人 女性 手下留情 绑匪 毒贩 警察 女性 而少 犯罪 消防 消防员 女性 减轻 男女 身体 情况 做出 社会 分工,1
65,女 支持 女性 维权 事情 九年 才告 难免 怀疑 那女 意图 利用 原因 当初 接受 私下 和解 图片 情 愿 两人 也许 发生 关系 强奸 很难说 看有 文说 那女 出入 夜店,1
66,女权 益处 等同于 女权 平权 本质 男权 婚姻 子宫 男权 换 一杯 羹,1
67,平权 夫权 一半 不许 老公 占 便宜 一半 老公 吃亏 一半 妻权 一半 男权,1
68,大鼎 越来越 女人 感到 失望 讨厌 些许 绝望 多发 优秀 女人 说一说 战绩 生活 带来 光明 希望,1
69,赞成 女权运动 引导 LGBT 运动 引导 孤立 资产阶级,1
70,女 说 结婚 女人 自私 生 女儿 真 心疼 女儿,1
71,人类 喜欢 拿性 开玩笑 异性 同事 朋友 之间 相互 关系 熟络 异性 屁股 捏 一把 异性 脸蛋 上亲 一口 反感 羞耻感 社会 异性 人格 评价 下降 不应 违法 开玩笑 头 地方 突破 底线 婚闹 猥亵 违法 犯罪,1
72,夸 女艺人 真 汉子 骂 男艺人 真娘 有人 这是 性别歧视 楼下 憨 批 姥娘 滚,1
73,抛开 trans 语文 角度 月经 标题 突出主题 罗琳 太 敏感 尼尔 盖曼 幻想 家,1
74,害 胡姜氏 亲亲 老公 孩子 人生 赢家 干嘛 wb 搞 女权,1
75,只想 说 女性 地位 母亲 家庭 地位 妈妈 阿姨 两种 女性 接受 高等教育 上海 女性 妈妈 带来 感觉 女人 尊重 爱戴 长大 自然而然 这是 真理 发觉 女性 家庭 地位 改变 社会 女性 基本面,1
76,看牙 医生 介绍 男 矿上 工作 问 矿井 恼羞成怒 反击 工作 高低贵贱之分 井 工作 下井 低人一等 爹 挺高 他妈 特定 属相 女孩子 女孩子 要长 高,1
77,女人 陪 喝酒 上车 带人 回 住处 机会 跑 路 不让 朋友 报警 告诉 强奸 倒贴 说 刘强 东是 东西 这女 太 不自重,1
78,鲍狗 目的性 诱骗 女孩 选择 下手 女孩 真的 痛心 赤裸裸 摧毁 女孩 想要 司法 公正 女孩 公道 毁 女孩 一生,1
79,身边 例子 我妈 兄妹 离婚 离婚 原因 男方 出轨 男方 重男轻女 两个 女儿 受不了 男方 赌博 我妈 滴 巴不得 离婚 想 改变 人生 结婚,1
80,情况 正常人 底层 女性 收入 中国 男性 业务 收入 在家 操持家务 女性 无视 男女 平等 社会 现实 空谈 法律 理性 平等 有太多 恶心 法律 骂声 恶法 诉讼 离婚 一年 分居 证明 协议 离婚 更难 谢谢,1
81,求同存异 n 号房 事件 迷奸 强奸 正常人 希望 死 偷拍 刑法 算 无期 正常人 希望 死 分歧点 付费 观众 观众 讲法 罗翔 老师 刚刚 讲过 中国 刑法 判 情绪 拉拢 群体 排斥 另一面 宣传 平权 有时候 发声 激进 视为 屌 癌 女生 发声 男生 听 有人 努力 六层 楼 老师 女生 发声 讲六 老师 受众 大部分 女生 一部分 男生 收到 影响 客观 冷静 发言 骂街 棒子 打死 只能 宣泄 负面 情绪 拉动 男性 群体 毫无作用 男女平等 女生 生理 弱势 社会 地位 弱势 平等 改变 社会现状 一朝一夕 事情 解放初 毛 号召 妇女 能当 半边天 我能 做 身边 事情 女生 发声 力所能及 照顾 身边 朋友 宣传 平权 观念 接受 观点 仇视 男性 支持 女权 反对 过激 地铁 色狼 偷摸 发现 一巴掌 边上 赞同 职 场上 性骚扰 爆 撕破脸 面 油腻 男 女生 任人 鱼肉 女权 女性 男性 等同 权利 男性 为害 女性 发声 拉动 沉默 中,1
82,话 女人 找富 二代 普通人家 哪有 嫁过去 吃香的喝辣的 衣食无忧,1
83,每次 说 打拳 想 说 打死,1
84,权利 责任 客观 生理 条件 兼顾 田园 女权,1
85,懂 女权 平权 区别 骂人 区分,1
86,上次 有个 话题 说道 生 孩子 找 精子库 419 欧美 大雕 过国 腩 有位 回复 说 美国 呆 年 国腩 好多 这条 回国 扛 鼎 国内 30 年 卖 可乐 男人 想 靠近 一米 男人,1
87,变革 现实 本来 事 很难说 变革 想 改变 所有人 观念 太 困难 中国 地方 义务教育 覆盖 不到 女权主义 女性 口号 激励,1
88,想 说 凶杀案 受害者 里 男性 占 百分之七十 麻烦 案件 凶杀案 恶性案件 里 一小部分 男性 未来 女性 3000 万 那少 3000 女性,1
89,垃圾 渣浪 趋炎附势 货色 🐶 原地 爆炸 因果 轮回,1
90,女拳 打博主 锅盖,1
91,说 女孩子 社交能力 有限 男人 两成 不肯 拉 低 生活 质量 扛 养活 好过 供养 家庭 里 老公 孩子 公婆 有时候 显得 女权 合作伙伴,1
92,我发 一段话 我前 四句 符合 想法 一句 说 尊重 选择 随便 骂人 说 驴 驴 第一个 踹 死 无脑 人士,1
93,对骂 男权 癌 懂 无脑 骂,1
94,女权 鉴定 师 资格证 出示 无证 营业 城管,1
95,男人 真的 弱 韩国 社会 压力 太大 事实 弱势 男人 男权 群体 活不下去 选择 女权 结盟 求得 生存空间 自杀 特权 寻死 思路 只会 害死 珍惜 生命 卸载 滴滴,1
96,古代 宽容 古代 同性恋 依旧 娶妻生子 同性恋 一种 爱好 异性恋 同性恋 层面 爱好 宽容,1
97,男士 称比 几岁 姐姐 大姐 厌恶,1
98,因果 搞反 阅读 理解 博主有 说 博主 表达 明明 女权 冠 母性 但冠 母性 代表 女权 表达 冠姓 一件 私事 二选,1
99,理解 妈妈 爱 重男轻女 思想 做 做 爱 女儿 缺点 希望 永远 健康 快乐 怀疑 姥姥 好像 看不得 儿女 过得 找茬 吵架,1
100,感觉 国内 女权 爱国 劳动 捆绑 微博 女权 搞 搞 仇 男 鼓励 鼓励 女性 不婚 不育,1
101,鲍 付出 金钱 钱 肯定 不算什么 深谙 父权 社会 社会 规则 善于 控制 微小 钱 拥有 社会 特权 操纵 一个十四岁 女孩 家庭,1
102,不让 婚女 站 婆婆 杀 媳妇 婆婆 女人,1
103,请 辩证 证明 女性 弱势 妈 靠着 先入为主 刻板 印象 张口 女性 特定 层面 弱势群体 男人 当今 媒体 舆论 风暴 里 男性 不折不扣 招架之力 挨打 份 弱势群体,1
104,连笑 骂 猥琐男 笑 死 张嘴 关注 带带 师兄 柯洁 那条 评论 看得出来 反讽,1
105,当初 万转 微博 妈妈 离婚 冠姓权 太 诧异 妈妈 这是 选择 想要 应得 权益 是因为 首页 妹子 讨论 说 女权 可取 粉丝 洗脑 粉丝 圣经 膜拜 真 太 苛刻 感受 说 几句话 过分 骂 男人,1
106,骗婚 男同 子集 男同性恋 合集 男同 骗婚 男同性恋 合集 值得 同情 持有 观点 观点 观点 太 狭义 道理 论证 证明 观点 同志 女性 社会 弱势群体 异性恋 男人 权利 骗婚 同性恋 包括 男女 可取 同性恋 群体 值得 同情 论证 逻辑 错误 请 指出,1
107,成 褒义词 女权 代表 女权运动 诉求 自然 损害 女性 利益 女性 平权 社会 男女 一视同仁 公平竞争 岗位 公平 接受 教育 能力 升职 加薪 不想 生 孩子 不生 孩子 想 姓 姓 女儿 爸爸 姓时 妈妈 偏 不让 说 追求 女性 权利 唾弃 骗婚 同志 同志 骗婚 影响 群体 支持 同理 女权 骂 PAPI 酱 孩子 父姓 女拳 影响 女性 平权 运动 支持 同性恋 骗婚 同情 同性恋 群体 女拳 处于 社会 劣势 地位 女性 值得 同情,1
108,真的 有时候 吵 男女平等 男女 确实 差异 事情 男性 强 一点 女性 强 一点 干嘛 承认 有弱 地方,1
109,拜金 荡妇 田园 女权 贴 身上 不吃 一套,1
110,说 女权 玩意儿 男权 不该 有人 平等 女权 渴望 性爱 幸福 婚姻 拒绝 代孕 冲突,1
111,说 坦克 真的 好笑 金针菇 笑 开不起 玩笑,1
112,鲍毓明 懂 法律 应付 手段 星星 人生 阅历 人脉 讲 星星 鲍毓明 抗衡,1
113,真的 这群 里头 几个 杠精 行 自个 玩去 水平 权 丢人现眼,1
114,试问 不想 女权 头子 独揽 沙特 320 亿美金 资产,1
115,哈哈哈哈 哈哈哈 笑 死 杨 菊花 八字 不合 梗 🙊,1
116,网上 现实 里 天天 指着 我妈 脑门子 骂 驴,1
117,世道 太乱 东西 宣传 垃圾 宣传 三类 全是 病 统统 中医 病,1
118,第二段 列出来 论点 扯 犊子 完美 做错 接受批评 行 做梦 咯 梦里 梦里,1
119,西方 爸爸 带娃 国内 丧偶 式 育儿,1
120,感觉 bastard 词汇量 比用 jerk,1
121,失落 唠叨 这么久 几个 男同胞 回应 一群 温柔 姑娘,1
122,行李 当事人 意见 说 两个 行李 男方 男 全 男 力气 比女 干嘛,1
123,能怪 小学 优胜劣汰 低级 动物 进化 人类 标准 粉丝 低于 标准值 想到 错误 数据 凑 一块 AmberHeard 86 年 没脑子 粉丝 太,1
124,不信 好歹 有个 逻辑 一句 信 信 牵强 主持人 问得 挺 不站 变态 队 请 喷 子口 积德,1
125,标准 抽烟 喝酒 嫖娼 赌博 吸毒 打人 骂人 强奸 猥亵 出轨 劈 腿 稳定 工作 绝世 男人,1
126,妈头 妈 阴曹地府 喊 烧纸,1
127,挺 正好 不用 刘亦菲 男 腻歪,1
128,两 原因 女性 考 公务员 政治 感兴趣,1
129,没看 懂 发言 图上 说 真 女权 打拳,1
130,还好 点 起码 提醒 女孩子 男人 难听 点 确实 道理,1
131,喜欢 说 说 看过 不记心 反正 东西 感觉 有钱 男性 结婚 生孩后 搞 女人 现象 或者说 意料 事 时间 点 揭发,1
132,估计 爹妈 创造 更好 环境 扩充 脑 容量 这货 全吃进 肚子 里 增长 体重 叭,1
133,田园 女权 女性 买房 七折 原因 女性 很累 很苦,1
134,哪来 大女 拳 重点 先 结婚 老公 商量 扯 劲 反驳 观点 曹 好像 欺骗 强迫 结婚,1
135,参考 金基德 国际 声誉 陷入 局面 丢人现眼 沦为 笑柄 等而下之 本来 水平 低 不入流 想 抵赖 扬言 要告 受害者 揭露 揭出 偷鸡摸狗 敢告 耍无赖 想 蒙混 显得 荒唐 滑稽 装 没事人 随便 羞辱,1
136,取决于 夫妻 存款 庆幸 权利 选择 阿姨 白天 晚上 享受 三口 家 这话 赞同 爸爸 不带 爸爸 错 婆婆 不带 婆婆 错 义务 孙子 孙女 孩子 婆婆 妈妈 育儿 理念 婆婆 媳妇 距离 相敬如宾 幸福,1
137,实话实说 微博看 性别 不准 男 自导自演 王思聪 抽奖 更改 性别 智商 真的 信 中奖率 会变 高,1
138,说 道理 木姐 懂 外面 大学生 懂 父母 女儿 读 大学 打着 大学生 说 婆家 算盘 20 岁 年纪 真的 蠢 好好 宣传 女权 傻白甜 男人 吃 木姐 做 号 原因 20 岁 女生 脸蛋 最蠢 脑子 20 岁 大学 谈 穷 矮 短 男朋友 陪 性格 包容 坏 情绪 云南旅游 找 爸妈 要钱 请 倒贴 蠢 27 岁 觉醒 女孩子 父母 22 23 岁 孩子 糊涂 相亲 嫁 掉,1
139,买 钱 金针菇 节衣缩食 省 脸说 话,1
140,划 重点 刘强 东 车上 想 车震 司机 熟视无睹 表面 兄弟 刘强 东 第一次 干 事 寓所 强行 发生 性行为 被害人 腹部 床单 射精 女生 报警 抓时 穿 T恤衫 裤子 警察 穿,1
141,知错就改 品质 嘴 女 骂 避重就轻 偷图 事实 承认错误 难,1
142,分享 另一面 凝视 符合 主流 审美 学术 成绩 志向 归结 stereotype 好看 女孩子 自然 nerd 渐渐 证明 stereotype 错误 性而 鞭策 屈于 主流 审美 压力 年纪 意识 自我 阉割 过程 依旧 时常 感到 束手无策,1
143,希望 男性 隔空 田园 女权 迟,1
144,朱自清 事 第一次 听说 教科书 男 提 好事,1
145,二次元 毁天灭 超越 光速 次 元 16 分钟 抱娃 公里 分钟 抱 成年人 大气层 case 超乎 标准 运动 成绩 真伪 分辨力 立场 先行 16 分钟 抱娃 新生儿 公斤 跑 公里 伦敦 奥运会 千米 冠军 成绩 刚进 13 分钟 部队 里 18 分钟 优秀 20 分钟 合格 蠢 关心 体育运动 坏得 流脓 提出 超人 标准 打压 女性 男,1
146,脑子 辔 时间 皱折 里 仙女 一大块 会飞 生菜 叶子 人雷 外焦里嫩 女主 瞎扯 流体力学 片子 烂 求求 圣母 影后 白人 直 男 整天 背锅 累,1
147,说 骂人 这件 事 持 赞成 态度 社会 讨论 确实 争权 意识 觉醒 是持 肯定 态度 本来 事 辩证 本来 社会 女性 争 平等权利 回事 不怎么样 社会现状 女性 压迫 先 发声 想 干嘛 研究 一步 做 权益 别争 不争 鼓掌 叫好,1
148,女拳 义务 权利 女权 义务 权利,1
149,爱 爱 精神 控制 言语 辱骂 离口 亲 亲儿子 养,1
150,那女 放 照片 微 博里 跑 微博 骂 死素,1
151,男人 压力 妈姓 入赘 还好 没话 讲 关键 花钱 娶 回来 记得 一男 孩子 妈 姓 父母 斥责 家里 没后 外面 女 嘲笑 说 孩子 自杀 老婆 后代 收尸 母亲 收,1
152,孩子 随母 姓 街头 采访 有位 男士 说 要养 外姓 孩子 男人 太 女人 意识 养 外姓 崽,1
153,关键 风风火火 追 几次 星 说法 一辈子 咯,1
154,女星 不想 魔鬼 惩治 潜规则 上位 这条 路 行不通,1
155,出轨 沟通 离婚 花着 老公 钱 享受 男人 带给 温柔体贴 这算 出轨 正当 化 想不到 网友 震惊,1
156,得了吧 儿子 女儿 指控 确实 娶 养女 案子 相关 信息 看过 没法 有恋童 癖 TC 新人 男演员 搞 不像 其他人 严厉 指责 留点 面子 嘴硬 不站 不肯 承认 失败 干 错事,1
157,有人 诺贝尔文学奖 评委 说 黄色小说 新闻 懵 写 黄书 还给 他奖 色狼 评,1
158,粉过 两个 月 真的 超级 恶心 想 疯狂 找 男 洗 下眼 找 不到 火点 男 丑死 漂亮 点 母零 陈坤 黑 矮 代孕 转黑 演公 孙策 赵阳 整糙 罗云熙 真的 好看 username 小号 开来 骂,1
159,艾 女士 诬陷 德普 家暴 有人 证 无证 艾 女士 提出 控告 未 接受 法院 验伤 导致 迪士尼 开除 艾 女士 出轨 艾 女士 德普 使用暴力 证据 艾 女士 家暴 前科 双性恋 公开场合 前女友 使用暴力,1
160,细品 侧重 女性 特征 男性 身体 冲突 戏剧 感 中年 女性 个性 姑娘 烦,1
161,确实 够 恐怖 参与 男女老少 父权 概念 视为 愚昧 落后 野蛮 全 灭绝 毁灭 种族 屠杀 历史 思潮 对立 血腥 残忍 时期 会以 形式 重演,1
162,中国 流行 田园 女权 政治 色彩 浓厚 2020 谈 女权 谈一谈 人权,1
163,权利 剥夺 女权 立法 处罚 罚得 未成年 只能 依赖 家里,1
164,更何况 女性 承担 一部分 男性 承担 责任 精英 女性 压力 wsc 算 上层 男性 来源于 两点 一是 有开 公司 二是 爹 王健林 描述 富婆 这两点 一点 无所谓 男女 天龙 羡慕 完事 富婆 代价 行业 精英 才行 意味着 承担 压力 男性 精英 更大,1
165,年代 真 有人 田园 女 ⭕,1
166,思考 智商 低能儿 发言 回家 孩子 适合 思考 皆 妈 女权 妈妈 负责 扫盲 要平 先 女性 少 5400 万平,1
167,天 评论 看博主发 内容 反讽 兄弟 性别歧视,1
168,男 说 B 女说 一句 话 男 怼 哑口无言 算 性别 优势 最求 平权,1
169,听到 婚女 俩 字 跳脚 妹子 听到 单女 俩 字 无所谓 生活 状态,1
170,逼出来 太 女网友 伤害 侮辱 谩骂 反击 理解,1
171,政治 正确 害死 披着 metoo 羊皮 借机 上位 女,1
172,女生 XXXXX 不想 暴躁 先打 几拳,1
173,追求 平等 压迫 男人 农民起义 建立 平等 社会 建立 新 王朝 想 压迫 经济 能力 只能靠 性 胁迫 年老色衰 扫地出门,1
174,男人 说 讲道理 耐心 听 讲道理 压抑 情绪,1
175,挺 喜欢 余 欢水 莫名其妙 打着 女权主义 幌子 差评 差评 理由 电视剧 好看 12 级 映射 女权主义 台词,1
176,梅 女演员 当初 批评 特朗普 乐意 女权 斗士 说话 哈维韦 恩斯 坦 比喻 成神 当初 韦 恩斯 坦 帮 游说 奥斯卡 最佳 女主角 一年 铁娘子 最佳 女主角,1
177,真的 C 罗 酒店 房间 洗澡 脱 裤子 放屁,1
178,想象 夫对 养女 感情 妻对 养女 瓜分 夫爱 嫉妒 妻打 养女 夫护 养女 养女 长大 血缘 娶,1
179,想要 回到 古代 试试看 跟着 有钱人 偶像 不行 反正 三妻四妾 到时候 一群 屌丝 男哭 求 一夫一妻 真的 一夫多妻 想想 哪种 了不起 坐 拥数 美 有没有 能力,1
180,引战 语 玩 下棋 一种 真的 侮辱 国家 弄 女权 玩意 鬼 无语,1
181,割席 代表 我要 接受 这帮 白痴 观点 接受 犯蠢 事实 影响 教育 决心,1
182,光棍 急得 狗 恨不得 性别 女 娶 回家 找 不到 老婆 女友 没人要 主动权 手里 搞不清,1
183,这是 福全 社会 保障 少生 不生 女性 选择 权利 结婚 生 孩子,1
184,关键 男方 表态 女主 表达 关键 一点 国外 女生 独立 男方 一种 无能 关 屁事,1
185,那种 支持 平权 不该 blablabla 观点 分歧 开除 女权 籍 指导 师 哈哈哈 哈哈哈,1
186,捧 婚 法律 师仇婚 女仇 家庭主妇 折腾 半天 女性 丢,1
187,错 真 江山 娇 当做 真人 恶意 接受 为啥 每次 类似 事情 女人 女人 发难 思维 真 发散 接下去 询问 条 恶意,1
188,听说 上古 八大 姓氏 母姓 女 字旁 开头 土狗 想 追溯 还原 历史 社会 母系社会 姓氏 八大 母姓 转化 而来 同一个 女祖先 吵,1
189,姑娘 不争气 爹 未来 重,1
190,发现 奇怪 现象 已婚 男开 女性 生殖器官 黄段子 已婚 已育 女 跟着 笑 奇怪 好笑 生气 碍于 熟人 沉默 无视 真的 好笑 实在 懂,1
191,看过 女生 性 避而不谈 或者说 羞于 提起 无知 🙃,1
192,千万别 微博 沾 词儿 帮子 理解 对号入座 说话 阴阳怪气 对线 气炸,1
193,梦想 女王 式 寄生虫 生活 女王 高高在上 地过 舒适 寄生 生活 现实 脸 打烂 执迷不悟 变本加厉 歇斯底里,1
194,好多 新闻 杀妻 恶 婆婆 挑唆 喔,1
195,丈夫 妻子 夸夸 不看 家暴,1
196,妻子 角度 出发 毛病 舆论 吴 太狠 一点 同情 特别 憎恨 大猪 蹄子,1
197,尼国 做性 教育 女孩 养成 恋爱 脑 傻 白甜 出事 受害者,1
198,白手起家 四十多岁 企业家 20 岁 女 大学生 仙人跳 智商 堪忧,1
199,女权 诉求 特权 平权 网上 前因后果 争个 优待 别有用心 营销 号 煽风点火 头脑发热 既得利益 追逐 女权 女权主义 不齿 呼吁 所有人 理性 看待 两性关系 健康 关系 占上风 尊重,1
200,家庭 传统 结婚 女生 男方 家庭 生活 简单 妳 平时 语气 模式 感觉 尊重 认可 男人 自尊 姓 姓 名正言顺 尊重 传承 男去 女方 家 女 姓 女去 男方 家 男姓 搞 男 生活圈 无法解释,1
201,不生 生 麻烦 男朋友 未婚夫 说 丁克 浪费时间,1
202,女权 表双标 新闻 性别 评论 一天两天,1
203,哈哈哈 问过 说 做 男人 说 看吧 做 男人 一点 笑笑 说话 体会 女性 现状 男 给钱 变性 男 生 明白 享受 好处 假惺惺 说 女人 多好 每次 想 爹妈 女孩子 理解 男孩 理解 岁 女朋友 帮忙,1
204,江西 男 说 女子 无才 便是 德 尼玛 没事 聊 几句 天想 diss 讲 教育 女儿 没错 女奴 那套 回 女儿 真惨 扯淡 没事 回家 帮 老婆 孩子,1
205,我妈 至少 占 两条 厌恶 人生 安排 人生 安排 成 样子 说 结婚 想 吃 点苦 我过 太 舒服 明明 过得 同龄人 辛苦,1
206,感觉 特别 礼貌 特别 喜欢 锤 锤 大声 心疼,1
207,这是 权力 社会 痼疾 弱势 命运 应 改变 系统 孤立 予以 解决 网上 女权 婊 叫嚷 实际上 泄 一己之私 愤 求 一己之私 利 权力 转移 压力 而己,1
208,小朋友 排队 打针 第三个 第四个 越来越 职业 隐形 拒绝 女性 逼 结婚 生娃,1
209,一天到晚 说 奥利 唱 跳 rap 睿智 发言 很丑 说 坐在 女生 倒贴 乌鸡 鲅鱼,1
210,男 高中生 顶个 爹味,1
211,有房 加名 彩礼 嫁妆 生育 付出 却是 承担 激进 激进 育儿 生存 机会 落个 抚养权 得不到,1
212,16 年 抽 口红 拍 立得 男生 问 emmm 说 小姐姐 表达 诉求 想 抽 东西 语气 不太好 几千条 谩骂 抽 化妆品 裙子 护肤品 抽奖 男性 说 想 抽 有人 爬 微博下 骂 几千条,1
213,小组 作业 只想 女生 一组 男生 谱 太少 失踪 有事 借口 一大堆,1
214,评论 问 看不见 无嫌疑 当初 死不承认 受害者 逼 露脸 实名 JTBC 新闻 直播间 指着 鼻子 控诉 认了 法律 无嫌疑 感恩戴德 下辈子 苟且偷生 赎罪 恶心 成 样子 会腆 脸 无嫌疑 复出 评论 tm 洗 无嫌疑 洗 诬告,1
215,哈哈哈 确实 自我感觉 特别 又帅 聪明 讨人喜欢 女生 自信,1
216,严肃 男人 科普知识 含糊 一副 聊 样子 赶紧 转移 话题 哈哈哈 科普 你好 烦 脑子 清静 知识 太晚 睡 女 夸奖 厉害 男朋友,1
217,五个 伴娘 三个 顶事 护 男 没想 动手 穿着 高跟鞋 踩 接受 底线 小游戏 真的 受不了,1
218,杨贵妃 姐妹 动用 军饷 装扮 花 边疆 战士 连饭 吃不上 女权,1
219,之间 只能 选 选 传统 选 女方 姓 做 上门 女婿,1
220,网络 80 斤 女孩 当作 择偶 目标 精致 男孩,1
221,好几 套房 生病 女士 老公 幸亏 直 男 直抒胸臆 说 不想 卖房 看病 想 接收 遗产 幸好 活着 看清,1
222,骗 20 岁 小姑 凉 好不好 哈哈哈 水灵 蠢 年纪 提供 性 价值 骗点 钱,1
223,美国 教练 中国 十年 睡 1200 中国 女 戴套 偷拍 发 社交 网络 田园 女拳 中国 男人 义愤填膺 喷到 外国 骂 热 搜,1
224,人渣 面前 优秀 和蔼 为人正直 善良 大方 担当 反正 实际上 龌龊 要命 做过 事情 永远 做 恶心 事 报应 报 时候未到,1
225,女性 权力 算 崛起 吉祥物 不算 掌权,1
226,选择 生 孩子 结婚 自由选择 此类情况 喜欢 反对 歧视 选择 丁克 不爽 生 孩子 传统 主义 想要 孩子 不爽 丁克 选择 选择 不爽 不爽 干 太累 负 能量 满满 不好,1
227,男 人均 杀人 凶手 每次 杀 几个 亿 建议 撸 统统 就地正法,1
228,哈哈哈哈 刷 有人 说起 事 想起 那天 评论 真的 呆 一群 憨 憨 学到 独立 女性 词 滥用,1
229,赞同 企业 发展 竞争 老板 不计成本 员工 优待 肯定 员工 企业 工作量 价值 来算 资本 逐利 法规 女性 产假 优待 矛盾 企业 白让 钱 法规 法规 企业 负担 一部分 成本 矛盾 女性 就业 障碍 就业 矛盾 男女 矛盾 压根 没到 点,1
230,配图 弱智 而觉 ta 弱智 国籍 出生 结婚证 出生,1
231,不知廉耻 女人 请加 好友,1
232,人刚 印象 感觉 人长 好看 性格 不错 慢慢 接触 发现 真踏马 虚伪 挺 好看 乖 小姑 凉 面前 上演 一出 精分戏 几分钟 之内 电话 几个 之间 挑拨是非,1
233,希望 我国 丑闻 明星 羞愤 自觉 自杀 好歹 羞耻心,1
234,羞耻心 自杀 提倡 态度 请 我国 明星 学学 品行不端 艺人 要点 脸 少 蹦 哒 追星 学生 多一些 少 祸害 点 孩子,1
235,我国 明星 可不 骚扰 女 学生 睡 打胎 团 粉丝 有人 洗 脑残多 办法,1
236,写文章 写 道理 错误 逻辑 微博 女权 现状 感觉 微博上 女权 真 女权 打着 女权 幌子 泄私愤 女权 消费 主意 划等号 真 女权,1
237,盆友 伴娘 男方 真的 懂 尊重 伴娘 离开 父母 存钱 船翻 至少 一线 能力 妈,1
238,戳 痛处 删 评拉黑 小学 鸡 混个 28 ⭐ 射王 爸 会射 生 崽种 辅助 算 坨 💩 跟爷 吠 单排 玩家 优越感 爸爸 不认,1
239,男 激凸 难受 真想 建议 东西 贴平,1
240,咯 世界 美不美 两性 平不 平等 这类 占 茅坑 放干屁 关心 事 父权 社会 回事 参加 异性 势力 间 合作 不去 听 极端主义 放屁 说 一种 民智未开 忧心忡忡 怎么回事 说话 风格 感觉 身边 发生 事 嚷嚷 一方 性别 权力 言语 土味 XX 主义 活动家 地位 依旧 眼界 固定 身份 选择 不去 明摆着 事情,1
241,不说 演技 着实 糟糕 Londonfields 伦敦 战场 演出 蛇蝎美人 感觉 依我看 换成 斯嘉丽 朱莉 海瑟薇 迷人 耐看 一万倍 演技 底蕴 支撑 空洞 眼神 浮于 表面 性感 魅力 可言 开场 剩下 boring 适合 街 拍,1
242,饿死 穷成 样 天天 抽奖 今儿 抽 毛 分钱 男人 活成 怂样 搬 砖 捡 垃圾 毛,1
243,说 太 道理 细思 恐极 可怕 白痴 男主 女主竟 而然 睡 想试,1
244,男星 代言 东西 不上 心 懂 美妆 糙直 男 建议 滚 代言 美妆 今日 厌男厌 女 成就 达成 合成 厌人 苦笑 jpg,1
245,妈 痛恨 糟蹋 姑娘 畜生 愿 下辈子 做 🐔,1
246,❌ 敦煌 鸣沙山 越野 摩托 项目 五星 渣评 ❌ 女生 乘坐 女生 乘坐 女生 乘坐 越野 摩托 司机 游客 女性 游客 司机 地方 刹车 女生 撞 背上 游客 乘坐 钱 支付 费用 下车 司机 还会 小费,1
247,❌ 敦煌 鸣沙山 越野 摩托 项目 五星 渣评 ❌ 女生 乘坐 女生 乘坐 女生 乘坐 ❌ 越野 摩托 司机 游客 女性 游客 司机 地方 刹车 女生 撞 背上 游客 乘坐 钱 支付 费用 下车 司机 还会 小费,1
248,建立 公正 判定 女性 弱势 世界 中,1
249,母 牧羊犬 女 菩萨,1
250,记得 说 柯某 粉丝 真 女权,1
251,反正 不婚 女权主义者 不婚 永远 不婚 想 沉沦 沉沦,1
252,地方 指 姓氏 家产 分给 默认 随父 姓 前提 祖祖辈辈 拼命 生 儿子 女儿 分 家产 出个 女 生个 娃 姓 娘家 分 财产 划入 分配 夫妻 同姓 事 确实 极少数 地区 讲究 孩子 入 家谱,1
253,家伙 还用 投 厌女 言论 背下来,1
254,好多 女流氓,1
255,男性 有显 优势 概率,1
256,教育 男性 尊重 女性,1
257,事实上 女权 运动 高涨 名字 前冠 夫姓 女人 越来越 时髦 几年 收到 好些 名片 这类 名字 旧 中国 夫姓 本姓 并列 做法 改 夫姓,1
258,女权 西方 学 只会 瞎 吵吵 搞不好 利用 解决问题 考 政府 一点一点 完善 初有 成效 站 说 舆论 关注 解决 巴拉巴 拉,1
259,估计 这位 男性 年龄 一知半解 理解 婚姻 磋磨 女性 自卫 心理 想当然 搞 辩论 看着 挺好玩 当个 乐吧 哈哈哈 层楼 里 男性 开 眼界,1
260,胡歌 黑料 影像 记录 女性 尊重 洗,1
261,资产 关系 女儿 继承权 房子 土地,1
262,牙医 长 眼珠子 写 全篇 哪有 包 字儿 满头 老婆 背 限量 款 铂金 包 戴 皇室 珠宝 私人 飞机 使唤 个菲佣,1
263,冲出 女生 无语 求 一句 乖 摸摸头 跑 偏,1
264,没法 阅读 全文 妈生 孩子 痛 养 说 我要 🐴,1
265,能耐 找 本国 赵爷 要钱 我国 女权 特色 又红又专 随便 接受 国 施舍,1
266,第一篇 微博 发出 指明 性别歧视 观点 性别 差异 客观存在 喜欢 键盘 男生 喜欢 化妆品 女生 抽奖 投其所好 事出 回复 官博 自然 失格 道理 讲,1
267,喜欢 女性 连环 杀手 故事 一句 话 我要 男人 恐惧 之中 女人,1
268,搞 女利 比驴 高 好几个 段位,1
269,说 执念 真的 魔鬼 女德 没什么 两样,1
270,不说 热点 单指 冠名权 孩子 取 2020 姓来 表现 氏族 血缘 不可否认 社会 中 高亮 女性 孩子 姓名 可有可无 男性 姓 女性 男性 可有可无 事儿 吵,1
271,女人爱 男人 男人 付出 男人 爱女人 女人 行出,1
272,动物 䧳 竞 人类 男权 社会 剥夺 女性 物质 资源 搞 䧳 竞,1
273,社会 地位 女性 强势 性别 地位 孰强 孰弱 无关,1
274,说 太娘 指 太弱 枪 后座 力度 大吓 丢脸,1
275,搞笑 家庭 单位 宅基地 单身 女 户口 继承 法律 你家 法律 国家 咯 装 外宾 分田有 女 份 嫁 村里 村里 分 宅基地 搞笑 宅基地 家庭 算 娶 男 进门 村里 敢不敢 宅基地,1
276,哈哈哈 哈哈哈 陈述 事实 要说 打拳 女权 平权 爷 重拳出击,1
277,真的 做梦 没想到 中国 一群 女人 反对 姓 袁 院士 唯 太饱 姓 他妈的 孩子,1
278,玩 soul 说 先 互发 照片 颜控 一个劲 推辞 不发 想象 长 样 估计 挺 丑 先发 抱 一丝 长得帅 希望 发了 照片 照片 发来 不出 所料 丑 委婉 说 喜欢 类型 骂 一顿 男人 脆弱 自尊心,1
279,男人 吃掉 大块 蛋糕 摸 肚子 优雅 隐身 女人 只能 一小片 吃 相 难看 厮杀 结论 女人 吃 女人,1
280,男主 梦想 抛弃 家庭 陌生 地方 有人 照顾 土着 女 结婚 还生 孩子 传染病 土着 女 扔 不离 不弃 月亮 人性 枷锁 里 配角 女性 丈夫 依然 不离 不弃 生儿育女,1
281,这女 豁出 私立,1
282,渣 渣 浪费 口水 生而为 感情 伴随 一生 生而为 狗 咬 人而生 网络 暴力 发起者 感情 思想 动物 狗 感恩 只会 索取 恩将仇报 活着 意义 劝 善良 前 请 是否是 蔡艺侬 女士 希望 解决 妖孽 username,1
283,全自动 拉 磨机 费钱 费电 废机油 婚驴 自动 拉磨 多好 干粮 自带,1
284,只能 说 人有 粉儿 出轨 洗 醉 洗 出轨 绿 自我 反省,1
285,这是 好事 对抗 男权 邪教 平权主义 拿出 宗教 无畏 无惧 和义 正 言辞,1
286,说出 真相 男性 上街 随机 杀人 找 一堆 理由 洗 感觉 强行 歪,1
287,婚母 非母 婚姻 生 孩子,1
288,真的 一言难尽 特别 黄轩 那次 天,1
289,女 真的 被糊上 几层 滤镜,1
290,女性 走出 家庭 做 事业 做出 成绩 做 依然 价值 回家 照顾 老小,1
291,前男友 一毛 累 一批 跟个 健全 小孩,1
292,男上 属 喜欢 给些 小恩小惠 忘乎所以 不思进取 特定 人群 宽容 意味着 器重 老师 放弃 差生,1
293,说 田园 女权 讲道理 耍无赖 特权 真 碰见 不讲理 没辙 战斗力 负,1
294,还会 说 简木生 一群 骂 开水 男 丢 男人 脸 终于 只会 提女 博主,1
295,女性 权利 有个 毛 关系 结婚 女 父母 真有 外人 关心 咋样 结婚 结婚 关系 生孩 事 干嘛 关系 结婚 不生 孩子 男人 平等 结婚 前 告诉 生不生 说 算 选择权 做 结扎手术 一劳永逸 婚姻 本来 繁衍 后代 只想 打炮 男人 1000 块 解决 干嘛 结婚,1
296,女 闲 蛋 疼 不想 生 18 岁 做 结扎手术 简单,1
297,噢 女孩 关心 权利 天天 抢 资源 蝻 站 街 管好 先 说 那句话 激怒,1
298,男人 冠姓 权 爱 没冠姓 权 热度 好事 思考 越来越,1
299,欲望 原动力 女人 洗脑 追求 爱情 扛 大鼎 动力,1
300,图中 长相 男人 介意 一个个 高高在上 买家 先 照镜子,1
301,微博 女权 婊 人数 微博 风气 双标,1
302,哈哈哈 哈哈哈 尺寸 男孩 做 错,1
303,光想 不劳而获 付出 想得到 得不到 妈卖批 男人 死光 累觉 爱 生活 一副 b 有理 样子 不照 照镜子,1
304,不愧 罗志祥点 赞 男人帮 兄弟,1
305,起码 集会 权利 肯定 有人 说 权利 政治 意识 集会,1
306,解释 原文 主楼 搭档 走错 棋 黑脸 骂人 声称 下棋 男女有别 有事 昨日 有人 告诉 崔精用 美人计 听 奇怪 当代 女棋手 美人计 三个 字 原以为 开玩笑 张图 评论 回复 图 暗示 告辞 第一句 回复 我时 信誓旦旦 样子 告诉 我前 两条 闻所未闻 我道 道歉 这件 事情 理解 说 奚梦瑶 下蛋 占用 公共资源 事出有因 依旧 解释 听 真想 维护 柯洁 解释一下 真是假 断章取义 回复 说 不到 重点 达成 共识 炸 号,1
307,真的 厉害 装 男人 姐妹 辛苦,1
308,母权 顶 女权 名号 男权 顶 平权 名号 神奇,1
309,开玩笑 女生 明明 喜欢 年轻 帅气 多金 专一 还会点 才艺 男人,1
310,记得 当年 讨论 美人鱼 只能 记得 说 爸妈 告诉 有个 婚姻 稳定 生活 告诉 勇敢 做 希望 父母 告诉 童话 书 父母 筛选 想 问 有没有 意识 父母 筛选 告诉 女孩 人生 原本,1
311,杜华 讲道理 还长 好看 pick,1
312,走向 女权主义者 有时候 装扮成 道德 君子 走向 女权主义,1
313,哈哈哈 思维 太 发散 一说 跑题 感觉 错 一种 现象 儒学 中医 明明 骗子 他举 儒学 中医 名头 同好者 跳 帮 说 好话 自毁长城 名头 骗人 割 韭菜 帮 辩解 有感而发 自相矛盾 上帝 神 搞 女权 如爱猫 狗 爱到 死活 无所谓 确实 反感 自毁长城,1
314,断章取义 造谣生事 厉害 柯洁 智商 说出 造谣 几句话,1
315,人真 有意思 整 律师 高尚 女人 整 律师 拯救 婚内 妇女 勇士 收钱 打官司 男 离婚 接 委托 打官司 收钱 打官司 不放帮 男人 打官司 搞 前妻 案例 放 掉 粉 眼里 小喽啰 boss 视而不见 男 说 几句 好听 找 不到 北 忽悠,1
316,举例 发言 口 嗨 位置 互换 更能 特别 爹 男性 共情 歧视 男童 现实生活 中 男童 男婴 厌恶 情绪 家长 身边 表现 重男轻女 恃宠而骄 肯定 偏向 小女孩 害,1
317,Metoo 两个 代表 人士 侵犯 骚扰 小男生 五十步笑百步 惹,1
318,踩 蛋 反抗 肯定 嚣张 反抗 肯定 住院,1
319,言论 真 女权 一看 嫖客 说,1
320,生 女孩 等于 断子绝孙 绝户 静静 围观 多出 几千万 男性 断子绝孙,1
321,男 性侵 完 面露 微笑 自拍,1
322,性侵 我个 试试 钱 给钱 试试,1
323,韩国 尊卑 男尊女卑 观念 极重 日本 事 一点 意外 严惩,1
324,老公 挣钱 不给力 离婚 孩子 生 养 钱 赚 老公,1
325,抓 重点 换个 女 写 自动 解释 说 女人 代孕,1
326,有人 怼 就行了 骂 说 鸡粉 网爆 看透 绿茶,1
327,感觉 脑子 女性 角色 加进去 加 真的 心底 女性,1
328,一只 喜欢 嗲 嗲 爱 撒娇 女生 洗脑 坏 女人,1
329,说 男 二手货 脏 要死 有病 勇气 嫌弃,1
330,逼 中国 几个 天天 放 知名 棒子 性骚扰 天 性骚扰 一堆 粉丝 受众 不感兴趣 新闻 写得 精 有意思 价值 没见 逼 逼 棒子 全民 性骚扰 本国 喜闻乐见 平台 留点 圈内 新兴 鲜肉 小花 群放 水花 棒子 强,1
331,房子 男方 车子 男方 喜宴 男方 婚庆 男方 小孩 女方 姓 中国 入赘 上门 女婿 中国 冠 夫姓 夫妻 坐牢 譬如说 重庆 薄谷 开来,1
332,男人 赛场 消失 是因为 坐在 裁判席 评判 标准 保证 男性 正确 前提 设计,1
333,可怕 回见 屌 癌 看不上 全 中国 女性,1
334,多字 辛苦 可惜 自以为是 满脑 废料 卑微 蝈蝻 回不上 人身攻击 回不上 人身攻击 回不上 人身攻击 回不上 人身攻击 回不上 人身攻击 回不上 人身攻击 回不上 人身攻击 回不上 人身攻击 回不上 人身攻击 🤢 🤢 🤢 🤢 🤢 🤢 🤢 🤢 🤢 🤢 🤢 🤢,1
335,泥塑 女明星 怪怪的 说,1
336,一条 解恨 再发 一条 骂 盲目崇拜 美貌 说不清楚 美貌 好处 着魔 吹捧 美貌 劝 颜值 焦虑 颜值 没大用 听 怼 多重 颜值 焦虑 窒息 自我 阉割 繁琐 物化 痛苦 特 活该 jb 选,1
337,追求 演艺圈 吸引 富豪 老板 未见得 顶 好看 好多 好看 就行了 美貌 条 路上 一路 狂奔 顶 未必 有用 几眼 一幅 画 付出 钱 免费 了不起 嘴炮 夸 两句 原本 待遇 20 随便 举 点 好处 引得 女生 前赴后继 坚信 长得 好看 红利 有病 一个个 目光 太 狭窄 点 格局 点,1
338,同意 颜值 焦虑 时刻 想着 讨好 异性 卷 多大 区间 就行 无视 这条 超级 无奈 颜值 焦虑 痛苦 不行 说 颜值 焦虑 颜值 回事 美貌 好处 问 美貌 了不得 好处 反正 美貌 美貌 强 行 痛苦 死 jb,1
339,工种 招 女性 图个 好管 廉价,1
340,说 没道理 思索 护士 女 地位 不高 不低 待遇 不怎么样 职业 男人 看不上,1
341,男人 女人 生 孩子 付 彩礼 房子 不加 女人 名字 特别 田园 男权 我要 彩礼 我要 房子 付出 生育 代价 起码 生个 孩子 彩礼 房子 生育 补偿 未来 保障 生 孩子 我要 活得 自由 彩礼 房子 做牛做马 生不生 孩子 男女 做牛做马,1
342,养 Jensen 美人 老梁会 努力 玩车 玩表 买包 买房 美女 估计 反思 脸身 情商,1
343,想 看清 男权 圈套 提倡 转移 注意力 方式 削弱 社会 层面 挣取 经济 社会 地位 能力 一目了然 想 牌坊 套 女性 想 打击 嫖 拜金女 男性 嫖 失败 产物 推荐 阅读 恩格斯 家庭 私有制 国家 起源 社会 运转 机制 守住 劳动 价值,1
344,低层 男性 政权,1
345,口中 性 自由 肯定 女人 问问 男人 不用 女人 限制性 自由,1
346,清理 男权 女权 思想 垃圾 男女 相爱,1
347,警示 妈妈 女人 还敢生 儿子 教 不好 儿子 fuck,1
348,Sharpobjects 消失 爱人 GoneGirl 作者 GillianFlynn 第一 本书 整本书 说 母亲 表面 爱护 女儿 奇特 方式 折磨 女儿 故事 虚构 现实生活 里,1
349,环卫工 同志 男 女 词,1
350,好吃懒做 小姐 理解 不争气 父母 贱卖 不值钱 多贱,1
351,好莱坞 矫枉过正 国内 女星 泼 脏水 骂 荡妇,1
352,女方 婚后 轻松 快乐 离婚 分到 财产 舒服 日子 太 公平 妒忌 恨 根源,1
353,此生 只能 天天 搬 砖 此生 骂 胎 生不出 男婴 群体 这辈子,1
354,长得帅 霸道 总裁 撩 妻记 长 丑 办公 职场 性骚扰,1
355,真的 烦 理解 讨厌 女朋友 闹脾气 男人 搁 不烦 闹 一点 爱 哄 爱 心声 本来 喜欢 闹 喜欢 这话 直说 照旧,1
356,20 岁 不小 脑子 清醒 30 岁 想当年 高中 未成年 关注 木姐 打拳,1
357,性别 转换 说 女性 思想 封建 说 男性,1
358,思想 稍微 跳出 框子 女人 嫉妒 本能 嫉妒 女 漂亮 女 年轻 女 爱多,1
359,孩子 女人 随父 姓 这句 话 魔幻 反正 见过 单选题 选项,1
360,终于 找到 掩盖 男性 沙文主义 最佳 障眼法 女人 对付 女人,1
361,papi 酱 事 过激 平等 形式,1
362,大姐 脑 回路 真的 评论 回复 头 掉,1
363,傻 男 几个 男 在意 说,1
364,学历 高 估计 厉害 道理 说服 身体 睡服,1
365,女权 特权,1
366,第二个 评论 里 找 金主 希望 能救 水火,1
367,下意识 屈服 藏 言语 里 求助 太 痛苦 告诉 爱情 老师 爱 没关系 活下去 告诉 老师 强奸 只能 假装 爱 强奸 发生 想象 中 预谋 成年人 pua 儿童 更是 人有 权利 苛责 李 星星,1
368,这部分 未成年 时期 遭遇 强奸 那种 痛苦 拥有 想象力 预想 里 激烈 反抗 冲出去 告诉 家长 困境 里 解脱 可不是 房思琪 初恋 乐园 里 受害者 受害者 父母 对性 教育 缺席 孩子 羞耻心 自尊心 权利,1
369,前任 漂亮 清纯 甜美 一看 正经人 这位 一看 肉 感觉,1
370,好多 孩子 节奏 跑 德普 离谱 吸毒 撒谎 家暴 女人 好好 感谢 温子仁 一部 片子 成功 洗白 演 角色 代表 现实 中 美好 正义,1
371,室友 直女 太多 办法 做 加油,1
372,医院 碰到 宝宝 父姓 母姓 死活 第三方 姓 宝爸,1
373,MeToo 运动 不可否认 确实 做出 贡献 两性 平等 希望 发展 变得 可怕 指控 名人 拿不出 证据 名人 丧失 回应 权利 工作 背负 一辈子 骂名 确认 受害人 面对 媒体 团体 反复 提及 二次 伤害 加剧,1
374,抢 土地 财富 抢 身体 子宫 性别 抢走了,1
375,凯瑟琳 德纳 芙 宣扬 自由 调情 社会 太过 理想化 现实 女性 侵害,1
376,凯瑟琳 德纳 芙 呼吁 自由 调情 社会 太过 理想化 事实 女性 侵害,1
377,幕后 产业链 母亲 男 带走 女儿 细思极 恐 太 可怕,1
378,结婚 不生 孩子 说 结婚 生 孩子 结婚 生 孩子 说 结婚 不生 孩子 不负责任 内心 选择,1
379,梁钰 事 女明星 屌 子 骚扰 找 求助 发微博 粉丝 说 删掉 微 博里 女明星 名字 tag 女权 卸磨杀驴 明星 粉丝 有人 说 沾 女权 沾 女权 危险 有人 说 女权 蹭 热度 两边 互骂 少量 女明星 女 粉丝 群体 辱骂,1
380,妹 整容 脸上 大动 几个 抑郁,1
381,女 像是 心理 病症 孩子 可怜 一堆 扯 冠名权 老公 不好 真的 好烦 喔 明明 肯定 文章 里 说 地方,1
382,get 不到 颜 艳 压粉 真的 女星 粉心生 厌恶 尊重 女明星 颜吹 辣菜 喜欢 女星,1
383,我爱党 爱 提倡 男女 互爱 伪 女权 可不 女权 人大 点名 批评 小姑娘,1
384,真的 男女平等 不好 微博 男权 女权 几个 社会 和谐 呼吁 挑起 争端 制造舆论 唯恐 社会 乱,1
385,支持 搞 估计 女演员 想要 上位 导演 😂,1
386,高中 说 穿 b 短裤 男生 长大 可别 长成 柯洁 太丑 🤷 ♀ ️,1
387,to 木子 洋 女 粉丝 删光 评论 承诺 不用 回复 图二 代换 平时 说 吃 壮阳药 朋友 壮阳药 涨价 少吃点 反正 短 一天两天,1
388,减肥 平时 说 吃 壮阳药 朋友 壮阳药 涨价 少吃点 反正 短 一天两天 女 粉丝 喜欢 脱衣服,1
389,女 没地 田园 问 没地 顺便 问 女人 活着 义务,1
390,老家 父母之命 ➕ 媒妁之言 ➕ 子女 意见,1
391,法院 判决书 确切 证明 伍迪 宋宜 前 没关系 住 公寓 米亚 养 子女 住 生活 伍迪 小孩 麻烦 压根 前任 那堆 娃 只带 三个 宋宜 读 大学 伍迪 说话 交流 他俩 搞 这家 实在 太 奇葩,1
392,男性 建议 确实 请 大大方方 谈性 显得 猥琐 见不得人 性 性器官 性交易 祛 魅 一种 方式,1
393,苍蝇 叮 东哥 确实 全国 失望 肩负 家庭 责任 一大帮 企业 员工 全国 榜样 牺牲 东西 贪玩 更何况 家有仙妻 东哥,1
394,妻权 福气 男人 男人 家庭 妇男,1
395,施暴者 受虐 倾向 能忍 一而再 再而三,1
396,大部分 女人 嫁 当妈 使唤 男人 强者 爸爸 巨婴,1
397,强吻 事儿 长得帅 霸道 总裁 范儿 长得 磕碜 点儿 性侵犯,1
398,支持 色情小说 恩和元元 有何 脸面 谈 女权,1
399,自负 脸皮厚 死不认错 道德感 男人 社会 危害 年轻人 教坏,1
400,叔 女权 是非不分 脑子 进水,1
401,真的 女 看不过去 假 女权,1
402,男明星 爹味 发言 bot 发言 好像 明年 母亲节 恶臭 玩笑,1
403,社会 以偏概全 承认 三观 扭曲 女权 婊 不要脸 讲 男女平等 讲 女生 弱势 说,1
404,权利 斗争 懒 找 借口 女权主义 女犬 主义 区别,1
405,作 妖 作出 圈 话题 流量 新 妹子 老师 当年 新 妹子 老师 撕 清醒 笑死人 赚 私钱 领袖,1
406,所有人 女性 争 所剩无几 权利,1
407,说 上层 空间 留 底层 乱斗 感觉 放弃 尊严 拼了命 攻击 女生 讨好 上层 好多 女生 意识 事会 越来越少 女生 捐 卫生巾 安心 裤 女生,1
408,事情 15 指标 足够 女性 报考 警校 女权 博主 报警 校 指标 简单 地说 喊 女性 保家卫国 喊 保家卫国 15 指标 富余 详见 央视 新闻 充分考虑 女性 身体 因素 一件 事,1
409,男人 说 拖累 就是指 花 点 钱 照料 花费 时间 精力 耐心 钱 累死 委屈,1
410,女拳 歪 逻辑 自然规律 异性相吸 女 喜欢 男明星 痴迷 女明星 女 肯定 同性恋,1
411,蛋蛋 传统 感觉 思想 不像 韩国 传统 男 古板,1
412,倒 荒木 开脱 好比 说 明 流氓 合作 送上门 找 拍照 完事 说 流氓 骚扰,1
413,username 男人 嘴上 说 开 后宫 梦想,1
414,回复 弱智 幼儿园 学生 聪明 爸妈 真可怜 生出 低能儿 简单 子 字 幼儿园 低能儿 个坏 胚子 事情 摆 面前 装傻 坏透 不坏 弱智 医院 拯救,1
415,这辈子 词 建议 名字 换成 女拳 亲亲,1
416,口 嗨 两下 完 现实 中 指不定 天天 问 男人 要钱,1
417,甄 嬛 传里 娘娘 娘娘 端庄 持重 如懿传 扎扎 呼呼 气质 御前 动手 打人,1
418,真的 反华 大陆 中国 节目 闭眼 黑 有意思,1
419,追求 平等 接受 讨论 想要 额外 特权 威胁 历史 证明 女性 真心 干 男人 逼急 阿拉伯 伊朗 平等 建立 力量 介入 情况 撕开 人性 面纱 拳头 真理 强国 弱国 讲道理,1
420,一名 男性 工作人员 加西亚 摸到 这名 男 性工作者 私密 部位 太小太 细 放弃 夜宿 气急败坏 加西亚 指控,1
421,屁股 糊着 屎 💩 说 割席 温和派 容忍 污点 本质 符合 利益,1
422,早 结婚 毛病 毛病 早婚 早该 禁止 年纪 做 事 读书 年纪 结 婚,1
423,责任 不用 结婚 生子 欲望 马路 花 几个 钱 嫖 即可 人类 养育 子嗣 是因为 感情 感情 祸害 未来 孩子,1
424,很难 想象 家暴 恐怖 身边 陪伴 走 完 余生 z 狠心 尊重 女性 支持 女性 不爱 请 放手,1
425,上街 砍 有人 说 女拳,1
426,关注 一段时间 话 赞同 真的 网上 女权 不婚 不育,1
427,第一个 一堆 混蛋 第二个 令人窒息 明知 出路 走 现实 找 理由 倾诉 目的 解决问题 理解 苦衷 无能为力 开辟 新 生活 太 辛苦 原有 生活 简单 明日 复明 日 明日 何其 日日 明日 万事 成 蹉跎 世人 皆 明日 累 明日 无穷 老将 知易行难,1
428,希望 女性 各种各样 领域 占据 强势 地位 难,1
429,女权 穆斯林 站 搞笑 画面,1
430,做 男明星 挺 难 被扣 爹味 大帽子 断章取义 引战 挺 爹 味儿 封建社会 里 道貌岸然 爹 咬文嚼字 搞 文字狱 过分 敏感 在我看来 下意识 反驳 说 竞技 体育 女生 男生 没夸,1
431,说句 中 听 世界 本来 平权 一说 男人 男人 平等,1
432,专业 女权 关系 女 过不去 倒 宽松,1
433,可不 硬 说 玩 梗 理解 梗 女 母狗 真的 理解,1
434,楼上 说 脑补 挺 文明 那条 按头 母狗,1
435,喷子 女权 女权 喷 鼓励 未婚 生育 直 男,1
436,屌 子们 好像 男人 代表 国家 女人 不屈 男人 爱国 脸,1
437,反正 全是 男 罪恶 男 带来,1
438,蛆 喜欢 造谣 栽赃 女权 各种各样 谣言 听,1
439,这位 男生 说 男性 做 女权 男性 待遇 骂 男 骂 女权 女权,1
440,中国 女权 哪来 女权 哪来 谴责 女权 底气,1
441,女权 想 希望 死 一部分 蝻,1
442,问 一句 话 李 星星 女儿 假设 杀 千刀 得不到 法律 制裁 杀,1
443,嘴巴 挂 女 拳二字 蠢 随意 跟风 彰显 in 坏 看不惯 声音,1
444,明白人 女权 婊 心理 男权 中心 摆在 附属品 位置 争夺 物质 越 女权 女权 独立 自尊 自爱,1
445,女人 口中 男 屌 差 不要脸 辩论 方法 尊重 相互 嗓门 牛 逼,1
446,韩国 男人 大胆 承认 错误,1
447,尝尝 身边 最深 爱 背叛 滋味 坑 闭上,1
448,怀疑 催 吴亦凡 出柜 男 出柜 田园 女孩 世界 温柔 过日子,1
449,一点 中国 家庭妇女 承认 生育 贡献 女性 保障 女权 努力 权益 舒心 放心 后悔 退路 社会 脱节 莫不是 爱 干什么 干什么 女权 事实 保障 全靠 判断 法律 干什么 选择 现阶段 一穷二白 风险 不太 建议 女权 努力 保障 家庭主妇,1
450,田园 女权 现实 中 发生 没太大 影响 田园 同权,1
451,女权 解释 理解 行 胸大 说了算 惹不起 惹不起,1
452,正当 诉求 找本 选区 人大代表 情况 表达 心声 女 代表 尤佳 肯定 女 代表,1
453,有人 说 女孩子 念 研究生 毕业 赶紧 找个 不错 嫁 我特 迷惑,1
454,username 请问 哪一点 说 受害者 丧失 女权 username 说 男人 舔 狗,1
455,证明 吐槽 男人 能力 窝囊废 吐槽,1
456,瞧不起 网红有 实力 网号 了不起 网红 台面 懂吗 行 说白了 消费 迫不及待 田园 女权 男 舔 样子 可怜 至极 确实 恰饭 没见 吃 相 难看,1
457,别骂 田园 女拳 反对 女权 反正 没差,1
458,心疼 我普 男人 真打 泼妇 爱过 人品 道德 挨 泼妇,1
459,田园 女权 表 女 尊癌 懂 女权 含义 分裂 世界 灭光 男人,1
460,女 成天 呼唤 爱情 理解 爱情 配有 爱情,1
461,理解 不行 编剧 男性 角色 写 讨厌 可恨 谈恋爱 小姑娘 找 男人 蠢 坏 劝 女人 仇 男,1
462,潜规则 女职员 BOSS,1
463,呦 天 自娱自乐 精神 佩服 行 直男癌 女 仙女 男 同一个 次元 就别 争论 冒犯 地方 望海涵 告辞 说话 真的 累 定义 东西 扣帽子 漠视 女性 作用 女 hr 物化 女性 营销 媒体 女性 好像 不全是 男 定义 反驳 自圆其说 就行 多半 打脸 直 男癌 符合 两条 定义 定义 函数 任意 一点 函数 值 等于 任意 以之为 极限 点列 函数 极限 连续函数 定义 说 定义 瞎掰 说 脸大 啥意思 解释 清清楚楚 想 理解 要说 直男癌 定义 告诉 直 男癌 一点 抬杠 定义 简单 地带 入 歧义 定义 东西 依旧 无章可循 说了半天 直男癌 词 定义 随便 乱 帽子 这是 网络 现象 视而不见 无话可说 准 准确 不当 紧 定义 有章可循 定义 东西 帽子 戴 直 男癌 定义 不爽 直男癌 东西 网络 环境 恶化 主因 随便 戴帽子 舆论 环境 喜欢,1
464,男 货色 多人 色狼 好好 问问,1
465,设计 冒犯 欲盖弥彰 说辞 没什么 评论 冒犯 急于 打拳 群国蝻 脸上 那种 王八蛋,1
466,人大代表 机会 人大代表 对话 开除 出真 女权 籍,1
467,情况 女权 女权 起码 反婚 夫权 添砖加瓦 做,1
468,生 女奴 生 奴隶主,1
469,讲道理 男多 女少 现象 势必 女性 择优 挑选 女性 物质 属实 男性 没人要,1
470,犯不着 田园 女权 婊 斗气 这群人 三观 早 烂透,1
471,懂 男人 形象 制造 弱点 说实话 同情 男人 女人 友好 男人 增加 柔性 女人 增加 钢性 值得 支持 男 暴力 反抗 开心 上街 打打杀杀 爱哭 孩子 糖 吃,1
472,生 孩子 女人 天生 男人 吃苦 不用 无痛 嘻嘻,1
473,母亲 重男轻女 最终 反噬 男人,1
474,打着 女权 口号 实则 自怨自艾 更有甚者 推行 女权 女性 做 事物 应 男性 做 反对 女权 女性 方向 越 走 越 偏 趋于 偏激 个例 普遍现象 导致 反感 张口 闭口 女权 女性,1
475,女人 挺 博主 底下 奇怪 评论 点开 一看 性别 男,1
476,家庭教育 家业 留给 男 女孩子,1
477,表达 诉求 恶心 追求 女 男女平等 否认 男性 社会 中 做 贡献 张嘴 闭嘴 好像 男人 只会 逃避责任 只会 享受 女人 劳动成果 杠精 玻璃心 一条 微博 评论 中国 机长 一条 长文 写 细节 社会 女性 压迫 真 女拳 斗士,1
478,收养 女儿 养父 玩 🐔 恋童 癖 养父 养不活,1
479,女人 杨 肥肥 真 无辜 全家 干 白痴 哥 拉 杀 全家 包括 它姐 弄死 秋后算账,1
480,男人 厌 男 👴 🏻 干 不行 厌 男 第一名,1
481,微博上 反驳 说 彩礼 low 女拳 蛆 围攻 妈 惊,1
482,奥 找 女权 要婚 女 利益 缠 理化生 老师 讲 史地 政 说 疯批 老师 大耳 瓜子 扇 大明 湖畔 对不起 容 嬷嬷,1
483,驴 驴 性别 男权 思维 女权 思维 锤 驴 等于 厌女 锤 驴 厌 男权,1
484,秉承 男人 说了算 女人 选举 时 无意识 票 投给 男人 女人 同等条件 升职 机会 让给 男人 女人 职场 中性 侵 帮凶 伥鬼 别看 生而为 女 厌女,1
485,基德 说 女权 大男子主义 加皇汉 真传 指 冠姓 权上 不容 商量 讨论 男女 男权,1
486,想法 男性 女性 优势 互补 这群 疯 婆娘 感觉 吓人,1
487,搞 女 👊 🏻 点进 微博是 家里 小孩 买 买 惊 厌恶 男性 结婚 生 孩子 关键 小孩,1
488,真的 有人 朋友 聊天 时问 女生 挂 嘴,1
489,无视 理由 支持 骂 不想 男人 白得 一点儿 好处 不想 男权 占 便宜 骂 傻 那群 优雅 淑女 有多远 滚多远 骂,1
490,女权 本质 伤害 女性 束缚 女性 男权 区别,1
491,疫情 期间 女 28 岁 贷款 挺 大学毕业 多年 父母 只会 要钱 时 想起 有个 女儿 男 爹妈 找 借个 几万 总会,1
492,不学 死 好男儿 战场 保家卫国 女性 争 互相理解 发挥 优势,1
493,真的 想象 社会 人渣 恐怖 🙏 🙏 🙏 性 侵害 真的 去死吧 🙏 🙏,1
494,确实 追求 平权 男生 挺少 爷爷奶奶 重女 轻 男 平等 之分 努力 信教 越来越少 有利于 改变,1
495,婚姻制度 里 女性 隐性 奴隶,1
496,市面上 扎破 避孕套 套牢 老实 女人 越来越 堕胎 女性 只能 一辈子 性生活 抗议,1
497,分 清 妻权 女权 讲话 讨厌 婚驴 词 无差别 扫射 已婚 女性 是非 婚女 拳 诉求 扯 婚驴 说 一说 女拳 已婚 女人 婚内 利益 东西 本质 女权 无关 谈 女权 老公 妻子 平等 搞笑 说 女性 权益 永远 跳 脱不开 性缘 关系 讨论,1
498,陈岚 肯定 女权 有时候 疯狗 出名,1
499,女人 领导 男权 闭门造车 瞎搞,1
500,看多 屌 癌 骂 完拉黑 反正 社会底层 洗脑 没用 层次 越高 男性 女权 越 认可 烂 泥潭 里,1
501,一群 屌 子 天天 说 睡到 xxx 妈 一脚 踢 断,1
502,男生 天天 鸡 太美 真的 想 说 裆 里 算不算 鸡 一码事 身边 男 屌 癌,1
503,伪 女权 伪 女权 宽容,1
504,真的 厉害 大学 嗅到 男女 对立 商机 V,1
505,t 团 gay 团 传统 女团 男团 火 t 团 第一 火 gay 团 真的 想想 这是,1
506,关键 男女 平权 说 女权 男人 杀光 说 女权 环境 误伤,1
507,女性 容忍 逗我 身边 男性 朋友 老婆 当宝 供 说 父母 一代 不错 女性 有权 男 上门 女婿 男性 持家 孩子 女性 上班 养家 公平 乐意 接受 女性 能力 本来 女性 身体素质 男性 宠 不行 不宠 不行,1
508,田园 女权 脑子 很大 社会 女性 关爱 当作 歧视 女性 地铁 车厢 女性 停车位 女孩 贴心 宠爱 感觉 真 田园 侮辱 开车 当作 笼中鸟 关 同一个 车厢 里 女孩 田园 女权 吵 内心 温柔 大方 内心 阴暗 暴力 男模特 男 舞蹈 岗位 纠正 社会 审美 男人 穿 裙子 丝袜 女模特 让出 一半 位置 技术 男工 让出 一半 位置 女人 女人 参加 接触 不到 脏活 累活 岗位 工时 工作量 男女 平等 目标 先 迈出 小步 简单 例子 架构 手机 天线 信号 塔 工人 支付宝 微信防 黑客 程序员 买 化妆品 科研 员 长途 拉货 快递 司机 全是 女人 男人 安心 东西 美美 哒 男人 保证 女权 双手 奉上 简单 男人 体力 脑力 女人 强 社会 运作 女人 真的 女人 盖房子 开车 送货 当兵 保卫祖国 做 科学研究 宇宙飞船 飞行员 男人 做些 零散 轻便 工作 女权,1
509,看成 精神病 理解 🙊 现实生活 中 得不到 异性 承认 变得 厌 男 女,1
510,韩 某人 粉丝 一群 伪 女权 支持者 提及 女权 网站 名声 不好 网站 讨论 支持 强奸 伤害 男童 歧视 男性 韩 某人 昨天 第二次 直播 中说 接受 TOP 提问 希望 说到做到,1
511,高层 男性 心虚 害怕 牵扯 私底下 没少 做 骚扰 强奸 之事,1
512,先 定义 自重 假设 不自重 肛 肛完 错 全怪 不自重 长得骚 想 肛,1
513,女孩 真的 钱 仙人跳 多着呢,1
514,女权 发声 支持 色情小说 女性 淫秽 色情 影音 书刊 泛滥 伤害,1
515,明白 论点 急 离婚 找小三得 人才 反对 冷静 期 提案 狗急跳墙 找小三小四 离婚 找 借口 这类 打脸 事情 太,1
516,蛆 男 钱 喜欢 窥探 女方 钱财 长得 不错 全世界 欠,1
517,真的 前任 里 吵起 架 道理 一度 运气 太 差 不讲道理 男性 发现 好像 男性 讲道理 骗得 苦,1
518,逼 逼 出发点 从来不 关爱 女性 心疼 女性 整体 处境 想 牛 逼 哄哄 罢 辽,1
519,佩服 国外 真 女权 人士 追求 平等权利 国内 大部分 田园 女权 特权,1
520,username 哈哈哈 卧槽 男女 本质,1
521,👊 🏻 师 反击 重 👊 🏻 出击 发现 🧠 🐴 喜欢 尼哥 事实,1
522,屌 价好 高 李嘉诚 级别 纡尊降贵 勉强 赐姓 哄抬 屌 价 大法 第一章 空 手套 白狼 改姓 大法 佩服 佩服,1
523,那种 女 说 真 女权 维护 女性 选择 自由权 选择 姓 90 女 自由选择 随父 姓 笑 死 女 自欺欺人 会变 作 女权 自由选择 男胎 自由选择 重男轻女,1
524,ntxl 圈子里 歧视 开眼 老开 太开 天 变着法 骂 完 承认 歧视 太烦 做 不敢当 想 说 ntxl 不配 平权,1
525,特意 百度 中华 田园 犬名 形容 中国 特有 女权 全世界 女权 男 蛆 见识 少 搞 污名 化 分割 一套,1
526,说 鸡 侮辱 做出 脱衣服 动作 暗示 粉丝 廉价 侮辱 不算 侮辱 无话可说,1
527,棒 有厌 女 思想 加油 打拳 洗清 爹毒,1
528,看不到 反扑 男权 戕害 女性 时 看不到,1
529,先前 开店 纯洁 派 骂 只能 赚 女人 钱 鬼要 女 赚 男人 钱 这方面 做 可比 田园 女权 厉害 hhhhhhhhhh,1
530,女权主义者 女权主义者 攻击 男性 男性 和平共处 拥有 地位 贬低 男性 提升 女性 优越感,1
531,身边 自动 默认 姓 老公 姓 解释 几次 问 单身 母亲 讨厌,1
532,蝻 蛆 爆 爆 心中 女权 领头 女权 蝻 蛆 势力 一哄而散 女权 散装 野生 geming 真实 脑人 证明 无人 理论 蝻 蛆 找 头领 一哄而上 抱团 女权 野生 思考 独立 人类,1
533,做 不到 放下 扛 鼎 开除 女权 真的 很无语 小心 驴 次方 中伤 自然 调整 女权主义 错,1
534,跳 真实 德行 一条条 说 中 着急 整天 晚 百度 百科 维基百科 定义 念经 想想 拜登 韦 恩斯 坦 加盟 带来 变数 拜登 加油,1
535,伍迪 艾伦 估计 恋童 癖 性变态 娶 养女,1
536,昆汀 性骚扰 有没有 肯定 舔 女演员 脚,1
537,女权运动 难以 朋友 共同利益 无一不是 出自 女性 血肉,1
538,中国 谈 女权 笑话 女生 谈,1
539,终于 沉冤 得雪 德普 叔 几年 死八婆 人人喊打 糊穿 地心 死八婆 炒作 卖 残拉 踩 拿到 海王 女一号 出轨 料 爆完 女性 身份 说谎 家暴 收到 家暴 弱势 信任 良知  举报  赞 389  回复  02 月 03 日 11 29  网页 终于 沉冤 得雪 德普 叔 几年 死八婆 人人喊打 糊穿 地心 死八婆 炒作 卖 残拉 踩 拿到 海王 女一号 出轨 料 爆完 女性 身份 说谎 家暴 收到 家暴 弱势 信任 良知  举报  赞 389  回复  02 月 03 日 11 29  网页,1
540,驴 钢丝 球擦眼 找 不到 男人,1
541,哈哈哈 多谈 几次 多谈 几次 定位 找准 真的 哈哈哈 男 找 不到 女生 单身 我见 太高 都行 爱 找 找 工作 中 接触 好多 年纪 偏大 未婚 女性 真的 不太好 相处 感觉 女性 情感 需求 感受 希望 有人 评论 杠,1
542,同意 大部分 普通人 政治 正确 女生 年纪 难 找对象,1
543,男人 吃 男人 男 吃 女 女 吃 男 感 单独 拿出 女 吃 女 仿佛 证明 女性 劣根性 有没有 欺压 妈 只会 窝里斗 欺压 分出 三六九等,1
544,内心 肮脏 自卑 无耻 女性 偏见 清清楚楚 此种 自尊 建立 虚无缥缈 幻想 阿Q 式 幻觉 中 真真 作 人站 思考问题 跪 歧视 女性,1
545,妈 胎盘 养大 床照 男 笑 开心 爆出 是因为 女 钱 到位 爆 胎盘 君 看清楚 再来 辩,1
546,批评 是因为 女权 自称 女权 干着 侵害 女性 权益 事 分裂 女性 搞 对立 一手,1
547,田园 女权 说 女人 结婚 卖 子宫,1
548,黄段子 做 一种 攻击 压制 尝试 想 女生 窘迫 样子 机制 成立 男权 社会 女性 对性 害羞 无知 纯洁 抗拒 表现 不受 压制 攻击力 强 不想 玩,1
549,执法 机构 管不了 网友 微博 女权 师 战斗力 惊人 村里 男人 撕 逼 正合适,1
550,憋 生气 为啥 说话 总有 张图 感觉 评论 配图 闹 ge ming 男 女权 一代 奥兰 普德古热 真的 断头台,1
551,利用 心理 弱点 包括 女性 女性 谈恋爱 检点 背后 黑,1
552,女权 田园 女权 两回事 直 男 直 男癌 楼主 说 田园 女权 只会 加深 矛盾,1
553,关键 996 前提 公司 确实 付钱 钱 钱 少 至少 劳动成果 程度 尊重 国家 合法 工作 拿到 报酬 炒 炒 工作 成果 报酬 形式 承认 结婚 驴 付出 法律 保护 尊重 女权 男 术 戳 漏,1
554,想起 去年 女权 代表 某奖 后台 媒体 提问 时 一问三不知 好笑 模样 话 难听 点 一部分 确实 Me2 经营 形象 人设 说错,1
555,评论 里 女 持 保留 态度  屁股 脑袋 性别 反转  肯定 不加 思考 铺天盖地,1
556,想 统治者 男生 唐朝 武则天 继位 唐朝 面积 缩小 证明 总统 男生 道理 现实 中见 几个 女 男生 包养 钱 网上 说 赚钱 养活 笑 男人 大部分 40 岁 女生 有钱 说 女生 大部分 赚 钱 父母 太 厉害 女权 真的 牛 逼 女权 嘴巴 厉害 真不知道 教育,1
557,说 女 买房 官媒 数据 支撑 整天 yy 信息 随处 战果 田园 女 ⭕ ️ 矮化 这才 丧失 权益 女权 默认 自相矛盾 逻辑 好意思 说 出口 男 试图 污名 化 女权 实际上 田园 女 ⭕ ️ 那么点儿 拿来 幌子 打击 女权,1
558,田园 女权 真 成 男 结婚 保平安,1
559,始终认为 孩子 肚子 里 男人 本事 孩子 生 反对 孩子 男人 资格 女人 抢,1
560,废话 怀胎 十月 妊娠 分娩 射个 不值钱 精子 能比 生 两个 孩子 随母 姓,1
561,女权 博主 真的 真 女权 忙 撕假 女权,1
562,表达 不清 想 一件 事 女性 划分 温和派 压根 女权主义 男性 抱团 骂母 🐶 眼里 女权 类别 之分 女权 总归 男女 平权 争夺 女性 利益 前人栽树 后人乘凉 斗争 谈论 女权 确实 过分 骂 恶心 反串 真的 样子 恐怖,1
563,情绪 宣泄 错误 涉及 侮辱性 恩 微博 侮辱 评论 区 上蹿下跳 驴鼎 侮辱性 词汇 形象 概括 当代 中国 一部分 比例 婚女 现状 分 两派 一派 不明真相 理智 驴鼎 词语 眼中 侮辱性 讨伐 女权 支持 papi 这件 事情 代表 未来 男权 代言人 一派 女权 所说 婚驴 字眼 戳 脊梁 说 急于 割席 女权 打败 婚驴 苦痛 里 找到 自我安慰 恩 评论 60 条时 papi 买 yxh 热 搜 事情 女权 号 相继 炸掉 ip 地址 屏蔽 创建 新号 炸 舆论 一边倒 事情 关注 一方 资本 一方 10 万粉 小博主 胳膊 拧 大腿 papi 翻车 买 观察 网 营销 恩 papi 公开 怀孕 时 微博 提过 一嘴 未来 papi 孩子 随父 姓 母姓 papi 盯上 月 papi 买 水军 跑 错 评论 区 在意 确实 资本 下场 papi 宝宝 出生 恩 微博 内涵 papi 孩子 父姓 恩 点 papi 标榜 独立 女性 拱手相让 冠姓权,1
564,恩 无辜 不该 干涉 papi 冠姓权 不该 papi 女性 刻板 印象 恶意 当作 搞笑 忽视 无奈,1
565,外公 公公 可不是 概念 说 方言 改 姓 外公 姓 男权 附属品 越 想 逻辑 越 厉害 女人 出钱 养 啥事 不干 男人 丧失 女性 主权 男权 附属物 表扬 男人 养着 啥事 不干 女人 男人 丧失 男性 主权 男人 女权 附属品 时代 精英 男人 出钱 养 啥事 干 女人 丧失 男权,1
566,逻辑 太 厉害 女人 养 男人 丧失 女性 主权 大肆宣传 女人 男人 养 女人 男人 丧失 男性 主权,1
567,确实 女拳 懂 女拳 女权 懂 憨 批 那种 再聊 女权 最终 目的 男女 平权 女生 团结起来 男女 团结起来 悄摸 说 观点 女 拳师 男 屌 癌 可怕,1
568,晚上 完 恶心 不行 思想 活在 大清 人渣 好好 照镜子 RMGY MMP 随地 FQ 倒打一耙 说 女生 检点 一幅 tm 出淤泥而不染 样 有妇之夫 做 设 不该 做 没点 B 数,1
569,评论 里 说话 女 色癌 入脑 一个个 受 侵害 女性 维权 案子 转得欢 施暴 帅气 男明星 眼瞎 家暴 疑罪从有 挨揍 别跑 社会 伸张正义 真的假,1
570,原配 无辜 换 做 一分钱 得不到 告 告死 插足 婚姻 想 钱 道理 不让 牢底 坐 穿 道德 廉耻 身为 女人 拥护 正房 地位 一个个 小三是 鬼,1
571,女权 对骂 找事 女 逻辑性 极差 寻思 微博 发现 女权 相关,1
572,男 没本事 怂蠢 驴 郭靖 那种 呆 婆婆 尖酸刻薄 妈 表妹 义女 樊梨花 改版 电视剧 贵族 想不开,1
573,挺 活该 递 大个 投 名状 母亲节 同性 身上 捅 刀子 男 认可,1
574,年 撑 身体 不佳 强奸 不行,1
575,男拳 拳法 越来越 神奇 女权 一会儿 天价 彩礼 卖 子宫 活着 一会儿 反 婚育 危害 民族 延续 合着 说 言出法随,1
576,转发 看不见 谴责 伊斯兰教 泯灭 人性 意淫 女权 舔 伊斯兰 男人 反 女权 反 逻辑,1
577,人类文明 荣光 归于 男性 耻辱 归于 女性,1
578,男 想 红 没什么 名气 指控 性侵 名利双收 坑 看着 长大 有点儿 迷,1
579,站 说 凡事 讲 证据 媒体 公众 年前 控诉 拉拢 舆论 WA 生活 检点 娶 算是 半个 养女 人为 妻 乱伦,1
580,男女平等 没见 男性 站 气冷 抖,1
581,单位 男人 女人 八卦 东 家长 西家 短,1
582,真的 女人 最为 难 女人 到时候 维护 女权 跳 这群人,1
583,怕死 过人 二手房 买不起 北上 广深 城市 买个 房子 百十 万 倒 想 找死 便宜 卖 凶宅 抢 一天天 叫嚣 范冰冰 杨 幂 女人 村 没人要 道理,1
584,不利于 男性 利益 一律 打成 女拳 鉴定 资格证,1
585,讨论 里 论调 说 女性 女权 团体 中 女权 割席 本质 讨好 男权 社会 谋利 傻 拥有 独立思考 能力 做 分道扬镳 关乎 立场 社会 背景 取决于 内心 女权,1
586,反驳 反驳 一套 国蝻 共情 能力 国蝻 99 犯罪者,1
587,女权 已婚 女性 污名 化 难听 词汇 祖安人 自愧不如 说 男权 社会 压迫 合计 女权 社会 肆无忌惮 已婚 女性 污名 化 辱骂 性 词汇 欠揍,1
588,结婚 生育 男 干嘛 家当 发泄 工具 街上 找 比活 结婚 彩礼 玩 生小孩 有多远 滚多远 找个 鸡 爽,1
589,想要 西方 自由 想像 西方 女性 男性 承担 经济负担,1
590,结婚 男女双方 总体 价值 男 硬 条件 缺点 缺点 脑子 瓦特 凶恶 岳父母 结亲 男女 办 高标准 高 女方 父母 提 彩礼 六位数 回礼 女方 父母 说 嫁 女儿 男方 负责 费用 女方 房产 沉没 成本 男方,1
591,骂 尊重 女性 男人 一件 事 骂 男人 男人 生 吃 红利 婚女 未婚 女 吃 红利 婚女 未婚 女 受害者 婚女 正 婚姻 更大 伤害 理由 跳脚 婚女 骂 婚女,1
592,狗 东操 睁开 狗眼 小姑娘 网约车 狗 东 奔 狗东 男人 加 助理 两个 绑架 你家 女性 全 三岁 孩子 你家 女性 全是 三岁 藏獒 扑上去 咬断 狗东 喉管 狗场 一打 没输 老板 喝酒 妥妥 单位 异性 领导 公务 应酬 强强 装 瞎 ok 女孩 参加 公务活动 明白 老板 应酬 老板 男 女 控评 不行 脚本 更新 几个 月 前 车轱辘话 下次 派 钢铁 侠去 强奸 跑跑 试试看 ok 跑 抓 回来 菊花 报废 跑 说 闹着玩 没脑子 狗 东 狗 粮,1
593,内心 安排 词 田园 母狗,1
594,男性 赚钱 女性 花 女性 服务 女性 家里 太太 享福 典型 女利 主义 误传 女权 理解 层面 女利 主义 传统 男权 一部分 紧密 不可分割,1
595,听过 无数 婚驴 孩子 份 做 孩子 大骂 男方 越想 越 不对劲 想通 只能 装聋装 瞎 攻击 单女 一种 岁月 静好 潜水 驴 婊 驴 技艺 拔群,1
596,说 家 孩子 同性恋 没关系 家 孩子 打死 一类 平时 说点 场面话 显得 包容 原形毕露,1
597,死灰复燃 哈哈哈 哈哈哈 哈哈哈 终于 承认 劣根 屌丝 基因 骨子里 自带,1
598,男人 受 一点点 委屈 跳出 平等 女人 忍气吞声 受 多年 委屈 性侵犯 骚扰 女人 一辈子 伤害 事业 前途 委屈 干 下三滥 事情 讲 平等 女性 在职 场内外 遭受 性侵犯 骚扰 定罪 遭受 阴霾 男性 执法 司法 系统 中 性犯罪 既得利益者 天道 轮回 迎来 女性 第一次 疯狂 反攻 反噬 有人 跳出 平等 可笑 苍天 饶过,1
599,确实 社会 男女 平等 现象 也许 理解 女性 权益 我举 双手 赞同 反对 女权 分子 男 感受 社会 女性 刻板 印象 不公 社交 平台 男性 俱乐部 现象 女性 权益 增长 在历史上 女权 遭受 世界 迫害 称之为 正确 发布 女权 V 限流 有心 媒体 报道 国外 女权运动 承认 女权 极端化 平权 声音,1
600,不可理喻 世界 一刀切 女性 女权 篇 回答 犯 错误 男权 斗士 活在 世界 身份 而活 想 骂 女性 而活 骂 显得 不足为奇 男女 之争 树 靶子,1
601,这篇 回答 里 确实 指出 事实 田园 女权 真实 声音 群体 微博上 大战 树 靶子 不可否认 社会 男权 社会 臆测 听 不到 声音 阴谋论 无稽之谈 发博 证明,1
602,男 对线 说 田园 女权 彩礼 要车 房 巴拉巴 拉 不婚,1
603,男人 老婆 操作 奴隶 完 说 一句 中国 女人 地位 可高 日本 印度 女人 多惨 欧美 夫姓,1
604,煮 老师 算是 男 屌丝 偶像 说 句 男人 每月 老婆 交 万 生活费 女权 标签 一顿 臭骂,1
605,听到 最多 女 喜欢 说 喜欢 男 玩 女 心思 太多,1
606,赔钱货 妻妾 鸡 目的 渲染 悲情 永远 停留 杯 具中 找到 重男轻女 不生 女儿 借口,1
607,解决 男人 腿肚子 怀孕 男女双方 人生 互不 搭界 欧开 一块儿 玩 玩,1
608,女厕 小便池 女性 站 气抖 冷,1
609,法律法规 滞后性 大众 白眼 加 鄙视 足够 弱者 勇气 杀死 米 兔 起码 舆论 保护 受害者 受害者 舆论 支持 保护 万万千千 平凡 欠缺 勇气 弱者 真 法律 解决 多受 侵害 女孩子 发声 法律 惩罚 强 奸犯 舆论 杀人 历史 重复 许多次 撵 寄希望于 米 兔 寄 希望 喷子 倒 想法 米 兔 特例 误入歧途 法院 审判 米 兔 几个 受害者 站 米 兔 越来越 受害者 站 发声 提醒 受害者 案发 留好 确切 证据 强 揪 特例 诋毁 米 兔 请问 更好 保护 受害人 方法 请 闭嘴,1
610,很大 原因 拜 屌 祸根 公职 家庭 独女 众多 凤凰 蝻 选中 原因 儿子 培养,1
611,投行蝻 丈母娘 眼里 算是 金龟婿 渴婚 女 奋不顾身 跳进 河里 钓,1
612,大鼎 优良 韭菜 世代 传承 厌恶 改良,1
613,女性 独立思想 成熟 保守 并存 男女 交往 女孩 父母 环境 教育 交往 时要 独立 环境 导致 女孩 依赖 向往 保护 情感 博主 认同 无脑 否认,1
614,田园 狗 做法 哈哈哈 这婚结 找 鸡,1
615,婚姻 母女 割裂 大部分 父系 女 拜 屌 仇女 思想 只爱 儿子 憎恨 女儿 爱 女儿 接触 女权 思想,1
616,碰到 好几个 姿态 优雅 否认 渴婚 维婚 说 结婚 blabla,1
617,性 侵害 罪犯 枪毙 至少 犯 第二次 毛病,1
618,女性 拒绝 被害 妄想症 女性 被害 小心谨慎 男权 打脸,1
619,讲道理 争论 人贴 标签 自称 女权 真的 女权,1
620,c 罗 c 罗 眼神 充满 爱意 说不定 约 c 罗 想 拒绝 c 罗 摆脱 纠缠 点 钱 钱用 完 讨 c 罗 不肯 恶人先告状,1
621,大学 中 左翼 团体 看不到 右翼 团体 点数 老傻批 傻批 血压 20s 女性 想要 家庭 不想 工作 八小时 女性 想 或者说 生 很大 选择 余地 还会选 孩子 女人 生长 环境 男 天天 告诉 男人 在家 孩子 周边 男人 长大 孩子 妈 坐在 studio 里 讲 逼 话 龙虾 真的 那种 黑人 喊 BLM 跳 喊 ALM 傻批 刻板 印象 味儿 太冲 求 资本主义 白人 特权 社会 建构 究极 社达 精英 人好 龙虾 鸡 贼 谈 歧视 转眼 说 歧视 归结到 歧视 硬 要说 歧视 眼界 太窄 cnm 提到 genderpaygap 这老白 男 男 干 工作 危险 钱 屁话 真的 说 fairness 追求 只不过 嫉妒 悔恨 催生 病态 真的 龙虾 社会 公平 摧垮 社会 等级 结构 危险 wtf,1
622,建议 画 画 蛆 先有 女朋友,1
623,微 博里 女权 女权 眼里 女权 男女 对立 权利 履行义务 本来 社会 男性 女性 建设 男女平等 社会 男性,1
624,人戾 气 未免 太重 点 篇文章 主题思想 楼主 表达 职场 女上司 厌女 情况 不妥 瞎 楼主 扣帽子 毛病,1
625,观点 请问 伤害 女权 利益 说 想要 平等 特权 无权 定义 有权 发表 观点 有错 喜欢 恨 男人 天天 大街 龇牙咧嘴 恨 关系 男人 ≠ 男权,1
626,恨 男人 关 事 恨 男人 想 关 事,1
627,说 恨 男人 搞不懂 恨 男人 带来 平等 说 仇全 男 女权 地方 男人 东西 明白 OK 说 男性 个体 单独 说仇 女 男,1
628,恨 男性 没关系 综牙 咧嘴 恨 男人 有人 理,1
629,哈哈哈哈 哈哈哈 皮 死灰复燃 蛆头 蛆脑 死灰复燃 一日 蛆 终生 蛆 露头 锤 爆,1
630,男权 这门 生意 两大 支柱 业务 结婚 生娃,1
631,说 平权 女权 不乐意 女权 说 平权 污名 化 女权,1
632,所有人 说 真的 做出 事,1
633,没享 福 苦 有时候 白吃 婆家 心疼 反正 男 吃 亏 结婚 时 没要 房子 彩礼 婚后 被动,1
634,观察 社会 几个 男 离婚 时 分给 老婆 一半 财产 离婚 再婚 男人 婚内 女人 男 赚 少 老公 婆婆 瞧不起 更何况 女人 生 孩子 损害 身体 浪费 时间 精力 内耗 再婚,1
635,人性 平等 博爱 旗帜 国王 送上 断头台 本来 代表 开明 女权主义 越来越 极端分子 代名词 站 道德 高地 指指点点 只会 傲慢 偏见 无知 女权运动 美国 肯定 失败 告终 大部分 温和 支持 女权 男性 激怒 女权运动 制造 男女 仇恨 超过 女性 带来 利益 美国 年 搞 黑人 运动 制造 仇恨 解决问题 闭嘴 逼人 表态 解决问题 想想 年 美国 中东 策略,1
636,小姐 不行 大姐 不行 美女 说 pua 女士 太装 女 同志,1
637,讲真 女性 毒药 屌 确是 屌 癌,1
638,小学同学 说 过生 孩子 听 我国 丧偶 式 育儿 大男子主义 状态 生 孩子 女性 弊大于利,1
639,海王 天天 说长 好看 殊不知 当初 德普 结婚 xx 出了名 德州 表子 不想 词 火 形容 裸照 博 眼球 犯骚 上位 真的 挺绝 一女 满嘴 谎言,1
640,真的 男性 好友 政治经济 看法 同情 弱者 赞成 社会 达尔文主义 一套 支持 基本权利 性别 话题 那套 自古 社会 整体 发展 那套 说辞,1
641,女权 婊和直 男癌 挑 事儿 狗 逼 死 恶意 滔天 奉劝 回家 质问 妈 怀孕 没吃点 药 生成 双性人 男 女 顺眼 女 男 顺眼 人吊 子宫 消停,1
642,女拳 饮水机 qj 女权 我能 饮水机 换水,1
643,歧视 女性 说 女人 现实 要钱 房要 车 大部分 男性 男人 女人 现实 更爱钱,1
644,网上 重 👊 🏻 出击 口 嗨 年代 人有 勇气 zf 门口 举着 横幅 抗议 组织 游行 工资 高 只能 微博 大展宏图,1
645,是因为 听到 我妈 这位 朋友 骂 儿媳 whichis 小男孩 妈妈 说 她家 家底 女方 姓 她家 姓 发现 提 生二胎 当面 说 你家 出个 吊 资格 她生 爽到 自然 小男孩 好感,1
646,犬 懂 瓶子 开团 偏 发言 话题 太 敏感 营销 号 公司 割 一波 女权 女拳 韭菜,1
647,女权 弱势群体 发声 男权 社会 里 女性 本来 弱势群体 一份 子 弱势群体 发声 搞 女权 不想 弱势群体 发声 代表 歧视 攻击 弱势群体 发声 闭嘴 没人求 发声 搞 歧视 骂 回复 本来 女权 这是 女权 女权 讲讲 开除 女权 本来 女权 开除 屁 开除 开除 骂 男权 非 要说 开除 女权 奇怪 披 女权 皮 男权 说不得 任由 东西 女权 树敌 招黑 女权 买单 贴 女权 歧视性 群体 标签,1
648,田园 女权 贬义词 那天 抹黑 田园 女权 谢谢 田园 女权 认同 田园 女权,1
649,懂 查资料 搜索 信息 百度 男 跨 女 称为 gay 太 可笑 无知 限度 牛 逼 整出 xxy 染色体 哪来 伪科学 说 铁 t 双性人 算了 好照 说法 母 xyx 染色体 啰 基因 接近 女人 啰 骂 gay 骗婚 骂 骗婚 gay 骗婚 gay 招 惹 连带 一块儿 骂 一块 踩 强奸犯 直 男 直女 说 老娘 再也 男人 上床 照样 钻 被窝 头发 长短 k 品行 头发 剪 明天 骗 女人 出息 别搞 刻板 印象 我特 恨 胯下 屌 想 当爹 想 疯球 骂 踩 gay 亲爱 直 男 哥哥 抢走了 骂街 嚎丧 爱 睡 关系 没睡 急眼 头发 长不长 观点 有半 毛钱 关系 头发 长 骂 这群 鬼子 伤害 点 操 少 玩 性别 刻板 印象 跨 性别 留 长发 穿 裙子 碍 喘气 帮着 父权 维护 性别 刻板 印象 理 支持 gay 男人 睡 男人 关 事儿 睡 眼馋 支持 男人 睡 男人 纠缠 女人 不像 恶臭 直女 兴趣 仇敌 les 女人 睡 女人 gay 男人 睡 男 不相干 配偶 竞争 关系 割席 好割 请问,1
650,支持 就行了 棒子 打死 就行了 做 来来来 说 说 高 尊重 弱势群体 很难 霸权 思维 很难 说 女权 范畴 正常人 高 正常人 难 男权 抗争 踩性 抗争 方式 这是 男权 干 说 男权 抗争 男权 打下手 助攻 鬼子 女权 高 女权 男权 反 男权 左手 反 右手 尊重 弱势群体 霸权 思维 自称 女权 承认 男权 完 事儿 打着 女权 旗号 干着 男权 活儿 抹黑 女权 不要脸,1
651,胡说 无席 可割 没共过席 女权 瓶子 装 男权 馊水 骂,1
652,骂 gay 这拨 骂 les 骂 已婚 女性 架势 没见 脏得 一匹 东西 女权 别脏 女权 两个 字儿,1
653,一看 gay 女权 观点 不用 男人 不配 女权 gay 骗婚 代孕 已婚 女性 驴 资格 女权 女同性恋 羡慕 男权 模仿 异性恋,1
654,说 为准 真理 化身 表达 看法 这是 男权 男权 逻辑 维护 父权制 性别 刻板 印象 说 男权 仅此而已 不好意思 女权 划线 女权 瓶子 装 男权 馊水 头 承认 女权 爱 自称 管不着 只管 骂 男权 披 皮 骂 反正 只会 嘴炮 打嘛 确实 男权 男权 杀人 只会 网上 弱势群体 撒野 疯 只能 屌丝 本来 嘴炮 说好听 点 发声 说 嘴炮 离婚 冷静 期 示威 网上 骂 凶 狠 现实 里 乖乖 顺民 脸 自认 屁 上街 游行 发传单 冲击 破坏 公共设施 进 局子 上网 打嘴 炮 自封 可别 脸上 贴金,1
655,维护 屌 维护 性别 刻板 印象 维护 屌 支持 女人 女人 样子 男人 男人 样子 歧视 跨 性别 做 父权 拥 趸 维护 屌 我见 没见 证明 屌 癌 这爹 气 熏天 发言 维护 性别 刻板 印象 热情 说穿 短裤 短裙 女性 不正经 屌 癌 别无二致,1
656,真的 太神 口口声声 自称 女权 搞起 性别 刻板 印象,1
657,本来 女权 压根儿 谈不上 开除 穿 短袖 短裤 女孩子 说 这娘们 真骚 屌丝 一回 事儿,1
658,屌 癌 反串 抹黑 女权 女权主义者 说 狗 无知 限度,1
659,男性 女性 确实 性别歧视 女性 男性 扯平 提 女权,1
660,看不到 女权 投诚 声响 太 惊动 党中央 男权 敏感 法律 改好 感觉,1
661,鸡贼 男 心理 女性 戳 瞎 下嫁,1
662,鸡屎 混着 鸡汤 喝 鸡汤 营养 无视 鸡屎 灌,1
663,姐妹 想法 太 男 结婚 买 媳妇 物 物化 狗屁 爱情 相亲 说 不生 孩子 孩子 姓 一万个 男 留下 女 卖 高价 牌坊 男 多仇 女,1
664,男人 房子 彩礼 买 女人 子宫 冠姓权 女人 哄抬 B 价 女人 房子 车子 票子 爹妈 家里 财产 子宫 冠姓权 生命权 倒贴 这才 新一代 独立 女性 哈哈哈 不怪 说 大部分 女 卖 子宫 冠姓 权,1
665,恰 一手 好烂 钱 田园 女权 女权 想 幸免 女性 利己主义,1
666,搞 女权 这群 驴 听 网络 性别 男,1
667,女权 圈里 程度 厌 男 厌女 文化 里 操控 暴怒 蚂蚁 懂得 女性 传播 传播 同为 女性 意识 爱持 价值观 妈 别来 动摇 女权 本位 核心 矛盾 就行,1
668,钱 养家 男人 不配 拥有 后代 那长 丑 女人 不配 拥有 后代 疯 疯,1
669,男性 压力 男 地位 比女 低 总理 主席 肯定 压力 地位 捧 铁饭碗 朝九晚五 地方 公务员 地位 低,1
670,笑 死 农村妇女 男人 养 农村妇女 男人 奴隶 农村 男 压榨 劳动力 做 农活 做 家务 养 孩子 样样 男人 崽 农村妇女 涌到 大城市 打工 低端 岗位 体力劳动 重复性 工作 学历 文化 条命 动弹 就行 劝 早点 女人 男人 养 梦里 醒来 谢谢,1
671,中国 家庭主妇 全球 倒数 办法 一是 生活 成本 高 二是 中国 男人,1
672,女 男生 不知情 情况 偷偷 停药 怀孕 男 扎破 套子 令人恶心 🤢,1
673,真的 脑子 混姬 圈 有人 真的 大开眼界 对人 最起码 尊重 t 字母 想 骂人 t doi,1
674,笑 死 一群 左端 智力 还吵 女权 拳师 留皮,1
675,弱博 女权 干 喷 喷粪,1
676,女权 能干 转发 微博 私信 骂人,1
677,小编 看不懂 反讽 嚒 分明 模仿 当初 直男癌 患者 女性 对性 侵 偏见 试探 男 身上 作何 感想 女生 公平 看待,1
678,哈哈哈 傻 b 男人 太多 太 懂 偷着乐,1
679,男人 感慨 爱情 抛弃 爱情 投入 有钱 未婚妻 怀抱 钱 到手 寻找 爱情,1
680,说 女 越来越 不像 女,1
681,聊斋 穷书生 没钱 地位 女人 意淫 相貌 家世 喜欢 穷 屌丝 喜欢 不行 不行,1
682,本来 想 说 支持 女尊 想想 算了 骨子里 行 对立 搞 一点 搞 BG 灭绝 世男配 男女 配女 男女 平权,1
683,女权 男权,1
684,眼中 危险 禁言 炸号 口中 婚女 家暴 这不关 事 论证 网 暴行 家暴 相比 伤害 网上 舆论 有没有 伤害 取决于,1
685,一种 很无语 体系 有种 类似 讲 古代 男 三妻四妾 女 思路 so 辱骂 百折不挠 国 男 无解 看重 身上 东西 想要 攻击 时 发现 价值观 一套 没什么 伤害,1
686,可不可以 理解 男性 生殖力 取悦 女性 男 评价 女 身材 女 评价 男 jj 打击 我国 迷 自信 男性 嘲笑 几根 几把 也许 唯一 跳脚 词,1
687,伪 女权 伤害 女性 权益,1
688,骂 女人 女权 说到底 欺软怕硬 冠 女方 姓时 男人 只会 骂 女人 不让 出冠姓 权 骂 男人 不去 想要 平权 男权 措施,1
689,平权 姐妹 太 善良 温和 男权 让步 抱 期待 认清 蛋糕 争去 抢 永远 蛋糕,1
690,男博主 占 越 便宜 女人 女人,1
691,田园 女权 见到 有钱 男人 恨不得 撅 屁股 当母 🐶 女权 没什么 关系 想当 寄生虫 不劳而获 🐔 🐔 说 劳动致富,1
692,柯洁 真的 想起 高中班 里 第一 男生 考 不好 撞墙 撞 精神 崩溃 当堂 摔书 撕 卷子 号啕大哭 满嘴 之乎者也 天才 世界 真的 毛病 真的 没什么 尺度 反正 开不起 玩笑 按头 田园 女权,1
693,直 女生 直 天生 办法 东亚 男 tm 抠门 追星 花钱 导致 男明星 赚,1
694,告诉 秘密 田园 女权 歧视 女性,1
695,女 无辜 女 满血 ob tm 女权 维护 鸡巴 女权 维护 女性 权益 人身安全 威胁 人站 发声 维权 智障 玩意,1
696,领军人 果子狸 初中 毕业 已婚 已育 主妇 契合 第六 张 图说 一群 女 屌丝 女权 狂欢 厉害 第一张 图说 契合,1
697,说 还生 孩子 反正 转来转去 女性 吃亏 还给 男性 基因 婚驴 说,1
698,强奸犯 预备役 强奸犯 运动 深恶痛绝 此层 评论 里,1
699,生存 尊严 自由 名利 出卖 尊严 真的 蛆者 蛆,1
700,真 女权 攻击 不利于 信息 真 女权 一整套 辩护 理论 纲领 真 女权 正当 真 女权 为啥 辩护 逻辑 打结,1
701,火 真爱 女权 尊重 火 爱情 帮 火 商量一下 火 尊重 烧伤,1
702,彩礼 高 是因为 家族 财产 男性 继承 封建 婚姻 人身依附 关系 遗留 受 社会 保护 受 教育 就业 女性 优先 生育 尊重 女性 意愿 男人 谦让 地铁 女人 让座 自觉 腿 坐 剩下 搬 行李 破事 身高 180 帮 身高 160 男 放 行李 提 箱子 善意 值得 拿出,1
703,喜欢 喜欢 伺候 金针菇 三厘米 喜欢 带娃 做 家务 生娃 男人 姓 完 男人 嫌弃 打压 告诉 甜甜的 爱情 羡慕,1
704,操心 复出 竖个 靶子 骂 真的 讨论,1
705,男人 女人 朋友 男女 对立面 鼓吹 女人 回家 全职 职 场上 一步步 逼 女人 回家 法律 男人 话语权 占 主导地位 多性 侵 惩罚 偷窃 女人 最底层 男人 不当 想 团结 做 朋友,1
706,改姓 妈姓 抓 说 孩子 姓 买热 搜竖个 靶子 人来 踩 南拳 心疼 复出 做 几千万 粉丝 V 复出 十几万 几万 粉丝 透明 博主 主动 撕 逼 炸 号 博取 眼球 笑 死 生 孩子 热度 不高,1
707,女权 配不上 劣质 基因 三厘米 金针菇 黄汉 真传 配驴 合适 不用 担心 有钱 子宫 国外 找 优质 精子,1
708,国楠 享尽 男人 红利 不用 生育 白得 后人 我妈 长点 脑子 机会 基因,1
709,男人 女人 共情 敌人 有共情 可惜 中国 百分之九十 女人 早已 雌性 斗志 野心 动物 比不上,1
710,女权 污名 化 屌 子们 遏制 女权 手段 千百年来 手段 花样 荡妇 羞辱 思路 不行 骂 性欲 女性 荡妇 男 吃 性别 红利 骂 人权 女性 田园 女权,1
711,困惑 想 明白 男权 笑话 重点 自然 男权 闹 笑话 不爽 女权 博主帮 女性 转发 维权 嚷嚷 男性 维权 建个 号 少来 吃 血馒头,1
712,王 医生 微博 男性 评论 说,1
713,现实生活 体谅 真心 家庭 付出 女权 风气 真的 吓人 新蓄 奴 主义 发展 讲明 平权 不行,1
714,一贯 平权 运动 男性 地方 抨击 女性 女权 吓人 夺 财产 降 人格 新 蓄奴 运动,1
715,自然 赋予 改变 特性 找 理由 只能 承认 男人 做 不到 男人 成夜 照顾 妻儿 连轴转 工作 只为 妻儿 提供 更好 生活 条件 承认 男性 工作岗位 猝死 高于 女性 这句 话 换成 男性 角色 说 女权 喷死,1
716,蛆楠 真 可惜 真的 男权 平起平坐 可惜,1
717,关键 女生 子宫 道德 结了婚 脑子里 自动 长 屌,1
718,女权,1
719,屌 言 屌 语 懒得 反驳 好好 蛆 劲 一把 火烧 干净 拉倒,1
720,女性 侵占 权益 求求 你别 结婚 谈恋爱 少 祸害,1
721,梦蒙 早期 吃 三线 城市 深闺 怨妇 血馒头 告诉 女人 奉献 地位 男人 传宗接代 子宫 付出 认可 爱 买 推荐 天下人 不好 我要 爱,1
722,建国 男人 杀人 对抗 婚姻法 婚内 矛盾 指导思想 和稀泥,1
723,昨天 吃 蝙蝠 影响 睾丸 底下 评论 说 让你在 壮阳 吃 蝙蝠 男 说 仇 男 生活 男 接触,1
724,恶心 透顶 罗 小黑 上榜 女人 不配 年度 物里 上个 榜 休息 终于 力气 发点 微博,1
725,妈妈 姥姥 爹姓 改 妈姓 姥爷 姓 这大 傻子 说 小孩 特立 独姓 没关系 类 田园 键盘 不带 脑子 bb 不停 复读机,1
726,女生 权利 努力 自动 飞 回到 手里 博主是 男 女 关系 揭发 爹味 男艺人 投稿人 诶 投稿 男艺人 说 爹味 满满 事实 异想天开 谱 一点 2020 年 弗洛伊德 厌女症 疯子,1
727,女人 眼中 端茶 倒水 丫头 跳舞 唱曲 娱乐 设备 收拾 家务 老妈子 思想 还活 封建社会,1
728,抓 道歉 羞愧 脸 扔给 🐶 无耻 底线,1
729,屌 子 微博 关注 罗志祥 一堆 福利 🐔 撸 图 屌丝,1
730,知乎 微博 女权 知乎 女权 贴 女权 豆瓣 女权 区别 这篇博 微博 女权 派别 发言权 女权 博主们 指正 扭曲 女权 极端分子 言论 转发 点赞 煽风点火 挑拨 性别 对立 嫌疑,1
731,法律 程序 里 工作人员 男性 男权 主义 主导 社会 施暴者 权贵 强奸 敢不敢 说 女性 地位 低 发声 地位 提高 怨 报怨 有仇 报仇,1
732,警察 清 事 确实 田园 女权 错 cherry 中国 事儿 始终 站 女生 🙅 女生 错 官博 错 始终 看不懂 樱桃 事儿 选择 维护 官博 女生 好像 屎盆子 扣 头上 说 扣 扣 屎盆子 扣 境遇 🙅,1
733,男性 保护 男性 奸 X 气得 浑身发抖 🌸 🐔,1
734,女拳 支持 冷静 期 24 条 驴鼎 甜蜜 爱情 🔒 死,1
735,弱势群体 骂 mtf 说 xx 染色体 女性 盟友 明天 女同 特别 T 开除 女籍 后天 捶 已婚 女性 反正 霸权 思维 男权 模子 刻,1
736,真实 派 女性 抓进 局子 网上 嘴炮 弱势群体 跑 没错 太 讨厌,1
737,搞错 这群人 欺负 弱势群体 维护 霸权 思维 女权 反对 欺压 弱势群体 女性 平等 权利 这群人 激进 方向 激进 女权 身体力行 现实 中 反对 强权 抓 反观 这群 网上 嘴炮 弱势群体 算,1
738,榨光 经验 推测 榨到 女方 怀孕,1
739,我来 吃 瓜 肯定 偏向 Amber 船长 结婚 弯 说 Depp 娶 女人 导致 差点儿 脱粉 摊子 烂事 算是 自食其果 当年 脑子 进水 抛弃 14 年 感情 俩 孩子 妈 Vanessa 娶 女人,1
740,说 质疑 说 中国 男人 不行 说 疑心 真的 不行 恼羞成怒 语无伦次 确实 不行 顺便 送 一句 白说 中国 男人 不行 行 同意 前 半句 营销 号 微博 热度 获利 获利 商用 商用 标明 出处 侵权 真 扯 中国 男人 评论 里 态度 真 男 态度 疑心 中国 男人 真的 不行,1
741,这帮 异性恋 不婚 xx 染色体 生育 功能 女性 骂,1
742,真的 很无语 言论 明明 女性 说 按头 女 拳师 不让 急 太 恶心 说话,1
743,说 屁话 写 那段 文字 👴 半天 硬是 一点 逻辑 变态 有共情 能力 狗屁 好日子 猥琐 男人 强奸 过上 监禁 学 好日子 尊严 自尊 想象 成,1
744,焦虑 焦虑 施压 其他人 颜值 身材 高度 量化 细化 20 岁 受 影响,1
745,年纪 稍长 反思 关系 荷尔蒙 时刻 够不够 嫩 够不够 瘦 颜值 焦虑 时刻 想着 讨好 异性 卷,1
746,婚驴 法律 男性 私有 物 赶紧 女性 人权 解绑 求 奴隶 权妻权 女同 gay 解绑 行,1
747,求求 人渣 赶紧 去世 小时候 身边 事 小学生 四五十岁 中老年 油腻 男 真的 恶心,1
748,关键 犯法 执法 机构 女权 平时 执法 机构 做 事情,1
749,蛆们 说话 水平 这番 辩论 算是 有趣,1
750,同意 女权 搞 性别 对立 理论 讲 不通 说 屌 癌,1
751,20 岁 妹子 毕业 还贷 只能 男人 卖 屁股 钱 用于 还贷,1
752,男同圈 感兴趣 现实 男同 发 耽美是 女性 写 手写 女生 恋爱观 文 男性 美好 期待 yy 产物 现实 男同 圈 耽丑 霸道 修仙 文 李春姬 支持 代孕 仇女 恨国 我要 反对 肯定 男同圈 内幕 李春 鸭 图片 发 评论 配图 男同圈 化妆 行业 打听 一圈 李春 鸭 洗脑 弱智女 分不清 耽美 现实 男同 丑 挫腐女 耽美 本质 女生 丢掉 公主 包袱 恋爱观 现实 男同圈 大半 滥交 约 p 支持 代孕 耽文 乖 孙子 支持 txl 当同 妻去 生完 孩子 家暴 憨 憨 拔 弟 搞 刺激 腐虫 上脑 腐虫 上脑 腐女,1
753,道理 条件 找 不到 条件 令 满意 伴侣 生小孩 买个 精子 卵子 生 基因 小孩 能带,1
754,正经 女权 发声 割席 解决不了 自证 清白 群体 谩骂 消失 割席 等于 群体 谩骂 添 污名 正当 化 理由 啥时候 洗 清 姿态 平等 男拳 理解 样子 女权 理解 否认 希望 死 女权 言论 省 点 时间 博主路尼尼 说 挺 意见 不合 希望 死 搞 网暴 争 做 xx 东西 男拳 女权 争 特权 一方 不算 理解 激进 温和 结婚 生 孩子 骂 婚 驴 胎器 有人 承受 举着 正义 大旗 恶毒 谩骂 招来 男拳 谩骂 污名 化 女权 扣帽子 吓跑 搞 正经 女权 东西 扛 住 搞 网暴 确实 微博 时间 看全 言论 情况 骂 冠姓权 婚驴 激进,1
755,男犬 双洞 齐入 肏 肛血 直流,1
756,玩意 轮 指导 做 女权 先 学学 做 男人 第一 犯贱 别用 那种 爹试 口气 教育 女人 你配 第三 学会 自省 掂量 几斤几两,1
757,男 横 嘴上 说 男女平等 自觉 女性 贬低 好像 女性 弱者,1
758,要说 抛弃 妻子 女性 男性 存活,1
759,天朝 韩剧 受众 很大 一部分 土肥 丑穷 女 屌丝 韩剧 做梦 韩剧 代入 女主 找 幻想 对象 代表 做梦 想 金帅 男人 理解 贤秀 身上 勇敢 得救 本来 生活 中 loser 想 说服 听不懂,1
760,第一次 承认 田园 佩服 佩服,1
761,一种 田园 女权 胎儿 分权 机会 逻辑 身体 100 掌控 男人 补偿 路径 老娘 身体 老娘 做主 老娘 生娃 避孕 老娘 要爽 戴 T 不行 老娘 吃药 不行 想 害死 老娘 男人 结扎,1
762,截图 中 憨批 骂 女人 女性 生 殖 器来 骂 女人 反对 骂 婚驴 婚驴 词 侮辱 女性 批 侮辱 女性 词汇,1
763,男权 搞 卖淫 色情行业 女权 过分 离婚,1
764,好多 www 反正 有恃无恐 反正 底层 女 拖,1
765,说 董明珠 想到 就业 歧视 话题 男 说 男女 就业 双标 企业 慈善 录取 女 一群 女 👊 表 女权 话题 真 女权 勤奋工作 平等 一群 女 👊 表 死,1
766,博主 所说 女权 骂 女 👊,1
767,公民 依法 享有 姓名权 公民 行使 姓名权 尊重 社会公德 损害 社会 公共利益 公民 原则上 随父 姓 母姓 情形 另选 姓氏 女权 讲道理 归结为 nt,1
768,表面 引领 平民 思想 实际上 目标 操作 女权 一点 认同 反对 民粹,1
769,认同 大大的 说法 中国 男女关系 发生 天大 变化 女权 婊 双标 输出 正确 价值观 影响 波及 女性 女性 卧槽 潜意识 价值观 中国 男人 意识 女人 说 具备 做 男人 能力 喜闻乐见,1
770,女权 女人 压迫 女权 女人 选择 权力 可生 孩子 可不 生 孩子 男人 生 生 女人 自由 承担 后果 选择权 根基 经济 独立 女人 生 有钱 养 女人 不生 有钱 养老 不提 煽动 害人,1
771,女权 好歹 女生 说话 父权 观感 好多,1
772,网上 热衷于 女权 对线 无一例外 男子 大生 误伤 对不起,1
773,不在意 问 老公 在意 不在意 孩子 不姓 说 不在意 感情 全是 女 拜托 先能 姓,1
774,母伥 发表 感人 言论 追溯 追到 母系社会 全是 母亲 孩子 姓 公公 姓 姓 爹 姓 马 说 姓 代号 那姓 母性 争,1
775,事情 真相 开 骂 没带 脑子 女方 说 男方 性侵 女方 触犯 法律 真的 男方 敲诈勒索 真的,1
776,女权 婊们 发泄 键盘 敲得 啪啪 响 现实 做些,1
777,将来 孙子 姓 儿媳 奶奶 第一个 跳 反对,1
778,高贵 低贱 把生 孩子 当作 交易 女人 当作 工具 可不 女人 不该 有想生 孩子 想法 阿Q,1
779,说 已婚 女性 加前缀 骂 说 杠鼎 驴 妈 那种 说 没杠 大鼎 同伙 说 急 啧啧 情况 共情 对号入座 诶 发文 骂 渴 屌 单女 高潮 原博 写明 一类 类人 急 对号入座 支付宝 帐号 转钱 告诉 超生 黑户 办 支付宝 说 赏 一分钱 说 赏 一分钱 微博 红包 意淫 不嫁 社会 贡献 希望 单身女人 先 统一 战线 喊 不婚 不育 看不上 男人 女同胞 百来 万 揽胜 忍不住 往上 扑 王思聪 秦奋 级别 恨不得 偷 男 精子 怀孕 逼婚 说 嫁人 单女 维稳 单女 阵营 总出 叛徒 说 女儿 养到 大要 500 万 坐 吃 死 二十年 赚钱 找 借口 没说 微博 红包 自我 洗脑 没完 可怜 专利权 专利费 金主 爸爸 可怜 钱 咯 自我 洗脑 功力 人强 邪教 宣扬 生育 有罪 说 钱 自我 洗脑 成 转微博 红包 女性 生育 自由 自我 洗脑 成 阿Q 支付宝 帐号 发来 说 钱 说 微博 红包 发 乞丐 钱 主动 乞丐 二维码 支持 多渠道 支付 支持 钱 喜欢 支付宝 金主 爸爸 方式 钱 这是 乞讨 态度 父母 工具 爸生 传宗接代 妈 迎合 男权 早日 暴毙 好事 还省 赡养费 祝福 心意 喜欢 不孕 不育 赠 恨 父母 刺激 发自 真心 祝福 帐号 发来 一分钱 赞助 全家 买 骨灰盒 我付 反正 你家 感情 相互 利用 工具 顺带 祝愿 父母 早日 暴毙 一辈子 不孕 不育 称心如意,1
780,来到 打一 耙 说 父母 生 我生 女儿 是因为 爱 战友 说 女人 生 孩子 迎合 男权 喜欢 孩子 爱 孩子 嘴上 说 爱 自我 洗脑 阿Q,1
781,女权 违法 违背 社会 道德 想 喜欢 喜欢 有权 喜欢 哔 哔赖赖 狗屁 女权,1
782,女权 本来 褒义词 说 女性 追求 男女平等 微博上 男权 贬义 化,1
783,确实 微博 聚集 田园 女拳 说 男拳 女拳 小巫见大巫 无非 发发戾 气 渣浪 流量 迎合 口味 发些 女权 擦边 女权 热 搜 引战 喋喋不休 争论 现实 中 一点 依然 公司 只能 说 微博 风气 不好,1
784,现场 支持 穆斯林 支持 女权 精神分裂 写 看得懂 拉 黑,1
785,田园 女权 消防员 警察 招生 说 女 体力 男 差 枉顾 非 增加 女性 人数 一说 女警察 说 女 理所应当 做 办公室 不上 一线 女性 体力 男性 薛定谔 体力,1
786,抱歉 真 几个 男性 哈全 阴阳怪气 女 阴阳怪气 🐴,1
787,现实 中 男权 没什么 区别 变性 站,1
788,质疑 东西 超出 脑 容量 天塌 想 有人 质疑,1
789, 宁女 德班 💰 一节课 女权 想 无差别 剪 男 jj 光天化日 QJ 男性,1
790,告诉 les 男 女朋友 日常 长发 裙子 打扮 宁是 接近 男人 🐴 les xxy 染色体 着实 笑 傻 必修 二学 完 bb,1
791,中国 女 太行 导致 小学 男 老师 小学 替换成 美国大学 男 老师 替换成 黑人 理解 一种 意义 平等,1
792,不装 坦然 显示 淫荡 弱智 鸡 事实 不错 东西 母鸡 踩 弱智 鸡 淫荡 鸡 行 说 没用 别洗 一看 母鸡 玩 弱智 鸡 抹黑 洗白 洗白 没用 本来 鸡头 赞成 洗白 抹黑 确实 鸡头 抹黑 掩盖真相 护士 时间 医生 工作 护士 本来 职业 判断 品行 标准 先 回答 贪官 断定 公务员 几个 鸟,1
793,女权 赞成 结 结婚 叫嚣 干什么 不婚 刀 逼 渴婚 女 渴婚 男 不准 结婚 爱 结结 结了 女奴 拖 单女 后腿 谢天谢地,1
794,女权 结婚 care 男人 意淫 彩礼,1
795,平权 女权 母权 老子 上街 杀 屌 癌,1
796,田园 女犬们 主子 咬 咬 回去 快点,1
797,男权 xq 孩子 强奸 砍 埋母 中国 男孩 保护 中国 女孩 女拳 说 饼 画 有人 信 真的,1
798,真的 思维 黑人 运动 人权 女 👊 🏻,1
799,感觉 米 兔 运动 支持者 文章 出轨 爱情 一类,1
800,国内 键盘 女权 笑话 哈哈哈,1
801,几天 有种 错觉 反婚 单女 权力 大到 婚女 现实 中 单女 夹着尾巴 跑 面对 婚女 说 结婚 结婚 红包 倒 成天 跑 结婚,1
802,女人 子宫 仿佛 直 男,1
803,说 那种 啥意思 说 那种 只见 书上 说 现实 网络 里 没见 过活 得了吧 你博 女权 终极目标 男 物理 消灭 消灭 事 剥削,1
804,前两天 网上 婚房 打扫卫生 女孩 分手 说 句 条件 找 家政 条件 动手 家想 伺候 追 骂 说 爱 伺候 女人 真的 想,1
805,女权 厌 男 不婚 不育 说 特权,1
806,美国 女权 感觉 早就 湮灭 越来越 分散 烂 七八 糟 东西 顶 女权主义者 招牌 干 事情 女性 权益 提升 美国 多洲 童婚 禁止 堕胎 秘之 男权 宗教 崛起 影响 美国 女权 早就 死 前科 英雄 罪犯 罪犯 不该 跪 杀 惩罚 对白 男 这股 不公 力量 喷薄而出 美国 女 黑人 权利 美国 女性 受 不到 一点 好处 黑人 女性 地位 高 彩色 男人 联合 榨压 女人,1
807,理 科学 霸 高 中学 文科 大学 学 文科 热爱 读 科学家 传记 理科 感兴趣 女生 老实 呆 在家 上网 有机化学 量子力学 书 事 发生 找 男朋友,1
808,笑 死 利用 女权 嘲 女权 先锋,1
809,跪 地上 女人 磕头 喊 祖宗 直 男癌,1
810,请 回答 现实 未来 结婚 老婆 时间段 上升期 怀孕 要生 一方 辞职 在家 带娃 老人 预算 请 保姆 请问 打算 老婆 商量 方案 价值论 会算 换位 思考 性别 反转 感觉 舒不 舒服,1
811,终于 世界 地方 做 梦 女性 世界 男性 欺压 太久 太久 世界 战争 权都 男性 手里 女性 男性 圈养 家禽 保护 好好 听话 生育 照顾 家庭 男性 泄欲 世界 变 真 女性 醒,1
812,92 这心 老色 批 推开 92 岁 老头 手,1
813,代孕 合法 婚姻 公主 第一批 合法 代母 亲亲 老公 奉上 单女 屁 单身 税 男 光棍 搞 国家 确实 不要脸 搞个 单女税 交 少吃点 事 不要脸 一点 逼迫 单女 攀附 男人 生存 没什么 杀 几只 蛆 事,1
814,朗朗 东西 网络 骂战 平等 支持 男人帮 女生 拿包 男人 疼 老婆 女生 心疼 老公 不行,1
815,公主 真的 pua 先 家长 pua 丈夫 pua 生 孩子 激素 pua,1
816,username 没事儿 观点 女性 占 决定性 因素 多点 username 说 女性 拥有 说 女性 行使 权利 一方 username 百度 这是 诶 评论 配图,1
817,在职 场 女上司 女 下属 恶意 很大,1
818,男人 四十多岁 孩子 女 几岁 小女孩 排除 想红 可能性,1
819,花钱 女 粉丝 追 男 追 女 花钱 用心 如果说 女 粉丝 钟情 男明星 女明星 男 粉丝 哪去 真厌 女,1
820,营销 号 洗脑 成 田园 男权,1
821,真的 有个 疑问 女性 强迫性 男性 发生 关系 强奸 深受其害 做 事 不平 试图 忽视 劣行 碰 讽刺 真的 想不到 没人 搞 完美 受害者 完美 受害者 真的 太过 轻描淡写 真的 报道 用不着 阴阳怪气 表情,1
822,懒得 傻 屌 女奴 争论 活在 世界 来乱 吠 马上拉 黑,1
823,见解 一模一样 反婚 已婚者 归为 女权 伙伴 天天 说 生育 危害 说 谨慎 婚育 说 女人 家庭主妇 拼 职场 目的 找个 男人 嫁 男 之中 真的 男性 数量 1 反婚,1
824,voiceyaya 奇怪 关注 言论 取关 女性 发声 实际上 算是 男权 男性 谋福利 支持 情况 男性 支援 男权 社会 帮 女性 优先 帮 男性 说话 等于 踩 女性 一脚 我见 太多 MISS 南 首页 女权 转 维婚 派 评论 里 粉丝 冷嘲热讽 女权 说 女权 女权 圈里 公认 那种 男权 套路 这才 奇怪 现象 反正 喜欢,1
825,反 父权 反 男权 核心 父权 男权 婚姻 交易 达成 男性 生育 父权 重男轻女 职场 歧视 生育 歧视 这是 根源 回归 母系 迎刃而解 维婚 派 精力 女权 解决 婚育 忙 死 温和派 维婚 派 足够 结婚 谨慎 婚育 男权 婚姻 观念 支持 女权 极端派 反 男权 婚姻制度 回归 母系 理解 错 温和 对立 男权 挑拨 温和派 跟风 黑 极端派 骂 这部分 随风 摆 温和 骂 一句 女权 那种 温和 女权 死 支持,1
826,局限性 低 女权 博主 一大 不婚 不育 宣传 独立 捧 高 位置 婚 女能 觉醒 起点 比不婚 女要 高 用到 贡献 词 了不起 出书 组织 游行 支助 贫穷 女性 带头 离婚 做 不到 喜欢 波伏娃 内心 矛盾 纠结 否认 环境 男权 思想 反婚 女权 反思 做法 正确 认定 想法 正确 宣传 男权 思想 两回事 合一 事 宣传 进 婚姻 得利 男人 手里 学区 房 恶毒 说 搞 女权 老公 手中 房子 不好 评论 这句 恶毒 哄 年轻 女孩子 纷纷 效仿 进 婚姻 里 妻权 前 一句 DISS 不婚 女 我能 承受 住 问 说 飞燕 说 不婚 女割 手指 证明 一辈子 结婚 说 搞 女权 女儿 有个 学区 房 干嘛 搞,1
827,真的 搞笑 两个 婚女 天天 宣传 反婚 有用吗 人会信 赶紧 闭嘴,1
828,作用 是因为 粉丝 团婚 一点 以婚 女 身份 说 话 永远 谅解 奇怪 首页 多人 同情 果子狸 想要 效果,1
829,假到 不行 一个个 情怀 牌 吊子 人肉 想要 赚 人气 流量 承受 女权 带来 坏 影响,1
830,事实上 转化 反婚 母权 少 死心踏地 信教 情况 醒悟 女权 关注 中 是因为 战友 任何人 教主 旁观 角度 新来 妹纸,1
831,堂姐 说 姓 不好 听 老公 姓 好听 男权 理由 笑 死 寻思 我俩 姓 一点 不难 听 赔钱货 骂 带上,1
832,单身 生育 有钱 指望 养女 防老 反正 关注 几个 单身 生育 博主 进 婚姻 生育 算盘 有钱 钱 维护 将来 子女 孝道 默认 男权 家 母奴,1
833,资本 姬 高高在上 整天 评判 顺眼 高贵 木 大妈 流入 法眼 这部分 无非 敏感 自卑 说 招聘 自带 学历 歧视 抓 黑 学渣 怎么着 公司 应聘 天天 赶着 对号入座 猫 病 不用 说 洗脑 太 成功 欲加之罪 何患无词 搞笑 本来 就生 男权 社会 努力 活下去 想 明天 踏入 母权 社会 努力 政府 保障 生育 权益 养老 木 大妈 单身 生育 本来 付出 社达 学 词 乱用 穷人 死 说 木 大妈 黑 听腻 想 麻烦 微博 做 说 洗脑 搞 女权 判断力 可悲 第一 骂 渴婚 女同 刘玉玲 代孕 反正 致命 女人 18 年 反婚 第三 学 艺术 一点 见仁见智 否认 这类 家长 女儿 嫁 而学 梦想 艺术家 说 第四 男人 开 开心 关 屁事 搞 女权 男人 说,1
834,说 难 拯救 说 特例 但会 清醒过来 骂 婚 驴 难听 没人 说 没用 骂 婚女 婚女 明白 未婚 女看 已婚 真的 很难 拯救,1
835,男人 不蠢 驴 男人 心甘情愿 花钱 福利 姬 一个月 捞 好几万,1
836,真 好听 说 权利 义务 说 女权 无一例外 讲 反婚 单身 生育 男 玩 义务 说,1
837,批评 说 投机者 自私 鬼 冷漠 煽动 承认 本来 女权 女权主义者 负 责任 证明 清白,1
838,抱歉 女性 关注 女性 收到 伤害 只能 告诉 男性 收到 伤害 不信 百度 相关 事件 做 辩驳,1
839,算是 看过 言论 中 最为 可观 接近 真相 谢谢 世界 努力 平权 男权 称道 世界 中 朋友圈 发 鲍 事件 看法 一两个 评论 妈妈 一度 这事 坐视不理 这件 事 帮凶,1
840,女权运动 不易 女人 被压迫 世纪 一弄些 活动 男 酸,1
841,男权 上天 天天 善良 姐妹 劝说 平权 平 过头 这辈子 几辈子 平 亲,1
842,抖 机灵 骂 田园 女权 接受 反 过头 骂 普普通通 转 抽奖 博 请问 阿姨 转发 抽奖 博就,1
843,拍点 男生 裸体,1
844,简单 身上 子宫 交易 工具 认同 工具 动物 同理 心 你付 钱 身体 一部分 使用权 奴隶制 社会 两样,1
845,说 生不养 男性 结了婚 买 精子 生 孩子 母亲 负责 大有人在 父母 结婚 自然 生育 结婚 非买 精子 卵子 孩子 生活 质量 生养 孩子 负责 态度 想要 独立 生养 女性 可比 丧偶 教育 管生 养 好多 赞同 尤物 能力 单身 女性 买 精子 自然 动员 扣帽子 女权 不婚 不育 相 结婚 养 孩子 更难 女孩子 喜欢 小孩 想要 生养 这是 权利 有人 争论 说 穷 穷 养法 富有 富养法,1
846,做 农村 发展 研究 农村 社会关系 熟人 过分 事情 欧洲 上课时 白人 女同学 亚洲 做 田野 优势 很会 利用 一点 欧洲 做 男性 flirting 之中 亚洲 女性 欧洲 做 田野 示弱 白人 喜欢 教,1
847,呈现 方式 社会 里 主流 异性恋 框架 男神 女神 朋友 确实 婚恋 市场 处于 追求者 地位 呈现 方式 朋友 讨厌 那种 雄 追 雌 范式 话 非常容易 感觉 性骚扰 父权 异性恋 霸权 制度 压迫 扭转 呈现 无力 颠覆 霸权 才行 补充 我读 论文 性侵犯 性骚扰 特别 在职 场 外貌 无关 长相 越 接近 女神 越 收到 性骚扰 长相 女神 朋友 分享 性骚扰 经历 那种 长得 丑 好意思 分享 victimshaming 情况,1
848,哈哈哈哈 希望 男人 早点 意识 宽肩 窄 臀 胸围 重要性 有事 扣 爱 钱 花痴 帽子 此地无银三百两 自证,1
849,驴 真的 讨厌 驴 说法 没救 帮 男人 霍霍 女性,1
850,想 家 孩子 女姓 这是 家事 家 孩子 母姓 神经病,1
851,女性 生育 不论是 生理 心理 弊大于利 生育 职场 社会 生育 压力 生育权 字面 意义 权利 生育 一点 男性 难 弥补 女性 平等 不用说 方方面面 整整齐齐 对半分 理想化 哈哈哈 哈哈哈 男孩子 女孩子 想法 真的 权利 义务 现实生活 中 一对一 相处 真的 网络 一下子 概括 困难,1
852,同意 一场 声势浩大 女性 运动 越来越 老鼠屎 泻 私愤 打击 男人 请 珍惜,1
853,lgbt genderfluid bi metoo raped 真牛 逼,1
854,做 假设 有个 高知 女性 自担 父母 孩子 大部分 家务劳动 请人来 做 找 不到 能力 还强 配偶 赚钱 能力 生活 能力 婚姻 意义 拖后腿 独生子女 框架 女性 带来 社会 矛盾 不单单是 家庭 内部 解决,1
855,此贴 封顶 30 多条 评论 说 说 回复 任何人 谢谢 🙏 打游戏 🎮 真的 挺香 本博主 为啥 讲 一大堆 理论 骂 原因 博主 解释 一堆 博主开 题太大 真的 不好 解释 那位 博主 主要矛盾 核心 利益 解释 说 判断 性别 矛盾 高知 女性 群体 真实 冠姓权 符号化 矛盾 批评 煽动性 避重就轻 矛盾 斗争 真实 缘由 看不到 生产方式 体力劳动 型 脑力劳动 型 社会 男女 分工 女性 承担 经济 角色 时 越来越 强大 时 一种 男女 承担 家庭 义务 社会 分担 家庭 义务 成立 托儿所 私 男权 女权运动 利益 分配不公 矛盾 累积到 程度 肯定 爆发 弱者 群体 强者 群体 镇压 结束 现有 情况 能力 强 女生 总体 男性 强 女性 弱 镇压 之下 迫使 高知 女性 群体 消亡 回归 家庭 说 一条 意义 意义 使错 劲 那位 博主 主要矛盾 核心 利益 解释 说 判断 性别 矛盾 高知 女性 群体 真实 冠姓权 符号化 矛盾 批评 煽动性 避重就轻 矛盾 斗争 真实 缘由 看不到 username 现有 情况 能力 强 女生 总体 男性 强 女性 弱 镇压 之下 迫使 高知 女性 群体 消亡 回归 家庭 私 男权 女权运动 利益 分配不公 矛盾 累积到 程度 肯定 爆发 弱者 群体 强者 群体 镇压 结束,1
856,为啥 高知 高 修养 等同 高知 富豪 精致 利己主义 并不矛盾 事情 例子 25 万 评论 几百万 转发 机器 忽略 高知 影响力 啥时候 解决不了 社会 影响 例子 社会 社会 置身事外 说 个别情况 矛盾 比比皆是 几年 女博士 女博后 女 教授 比例 直线 说 值不值得 关注 简单 说 相关 群体 盖 那博主太 摆出 点 不想 自由 博里 说 两天 事情 立场 抄书 科普 知识 两天 事情 照顾 不好 人生 矛盾 解决矛盾 完 博客 写 一大堆 说法 操心 高知 代表 生活 里 矛盾,1
857,说 确实 高知 配高知 高知 男要 女 高知 持家 照顾 家 矛盾 拎 讨论 是因为 非高知 择偶 择强 选择 宽 默认 男主外 女主内 传统 婚姻 模式 矛盾 相比之下 高知 几斤几两 重 男人 女人 讨论 女人 婚姻 前提 肯定 物质 至少 不输给 入赘 老公 帮 照顾 家 算 不输给 差 爱情 面包 吃 时代 变 精神 物质 附加 品 前提 改变 说 原始社会 雌性 单独 养不起 孩子 养 面黄肌瘦 强 雄性 孩子 养 白白胖胖 社会 高知 女性 孩子 养 不错 更好 丈夫 孩子 养 更好 名校 出国 留学 矛盾 95 00 结婚 成家 没到 高知 程度 接受 到时候 立场 变 说 没错 确实 家庭 做 不错 发生 矛盾 做 不好 学历 高 老顽固 多得很 说 带来 社会 矛盾 值得 思考 值得 关注 思想 慢慢 变 感觉 95 00 接受 90 80 不行 排斥 高知 女性 承担 家庭 责任 少 矛盾 点 高知 女性 在职 场上 强 找到 在职 场上 厉害 配偶 接受 传统 婚姻 模式 选择 空间 变窄 丈夫 照顾 家庭 起码 同等 照顾 传统 思想 男性 做 所说 婚姻 意义 偏激 传统 婚姻 男女 职场 同工 两个 高知 女性 合适 为啥 高知 女性 反对 传统 婚姻 原因 情况 女性 赚钱 能力 很强 男人 家务劳动 丈夫 同等 承担 男人 强 男人 承担 家庭 责任 传统 婚姻 平衡 男性 在职 场上 承担 较重 责任 男强 女弱 女性 家庭 中 承担 较重 责任 男弱 女强 女 挣钱 照顾 家 家庭 成立 男性 吃亏 高知 女性 家庭 中 负担 较重 责任 社会 男生 承担 责任 肯定 平衡 原始社会 婚姻 雌性 很难 抚养 后代 换 生产力 低 温暖 爱情 附加 意义 主要矛盾 看本 博主提 解释 提 感情 主次 分明,1
858,太 真实 前女友 渣 女,1
859,工作 观察 女性 下限 低 上限 高,1
860,总 感觉 举着 女人 学会 经营 情感 大旗 干着 教 女人 讨好 迎合 男人 勾当,1
861,早 说 想 打造 女性 犯错 错 批评 正确 社会,1
862,女演员 弱者 行业 掌权 男人,1
863,哈哈哈 女 不想 干活 想 白吃白喝 吃喝玩乐 说 女人 有钱 独立 翻身 hin 累,1
864,妈 真的 滚蛋 问 先 提 婊 死 直 男 直 男癌,1
865,敲 键盘 微博上 重 👊 出击 现实 里 怂 一批,1
866,想 说 信 伊斯兰教 男人 石头砸 死,1
867,骂 留言 安慰 事出 必有 说穿 水原 希子 助长 物化 女性 意识形态 最佳 功臣 模特儿 物件 没错 东西 穿 上身 想 买 代言 产品 胡扯 工作 有人 拿枪 抵着 头 逼 脱衣服 说 废话 希望 钱 砸 意识 自由 身体 自主 守护 专页 张貼 女性 下体 内裤 照片 实在 不配 站 捍卫 女权 说服力,1
868,婚姻 中 女性 自主 生育 生育 随母 姓 家里 过年 承担 家务 拼 事业 小孩 生个 病 抹杀 职 场上 成绩 所说 命运 奴隶 无异,1
869,公布 怀孕 意识 婚女 怀了孕 屁股 歪,1
870,可惜 婚女 搞错 婚女 地位,1
871,男人 一眼 爱 自信,1
872,传统 毒品 新型 一比 女性 吸毒 占 一半 说 男 占 一半 说,1
873,真的 社会 女性 束缚 远不如 女性 束缚,1
874,身边 男同 骗 婚后 真的 群体 厌恶,1
875,几天 新闻 女权 表们 集体 高潮 嘴巴 特脏 眼里 买 说 听 有钱 跪 舔 渣 男 全是 孝顺父母 妈宝 男 女人 自杀 背后 有个 渣 男 男人 自杀 字,1
876,想 发生 性侵 男人 长得 周 正好 看讨 女生 喜欢 一点 蒙混过关,1
877,赞同 原本 玩 心机 女生 男生 坦坦荡荡 一实 锤 发现 男生 真的 简单 贱 要命 嗷 🙃,1
878,说实话 男女 算是 女 恶心 地方 出轨 脸 享受 男 恶心 地方 无辜 生命 受 连累 讲道理 想 报复 报复 无辜 生命 一块 地狱,1
879,sex 有没有 劳什子 染色体 gender trans 尊重 谈 女权,1
880,这位 娶 老婆 生 儿子 女权 男 婚姻 态度 儿子 姓 孩子 时间 做 家务,1
881,真的 随便 刷个 微博 有人 乱 碰瓷 感觉 胡乱 杠 影响 社会 和谐 感觉 田园 女权 女权 黑子,1
882,艹 太有 道理 支持 男同胞 米格 道 婚姻 奴隶,1
883,说 说 想 说 想 做 不正之风 真的 成 气候 自然 天威 降临 到时候 狗屁 政治 正确 不攻自破 激进 男性 恶性事件 发生 结束 反思 左 引进 难民,1
884,韩国 女权 确实 建党 屌 子 语录 伪 女权 真 女权 说了算 屌 子 语录 女人 生 孩子 男人 姓 男女平等 女人 等于 照顾 关爱 真 珍贵 中 国家 暴率 30 挨打 女性 不配 男人 照顾 关爱 谁生 孩子 姓 男人 低人一等 屌 子 关爱 照顾 女人 卖命 生 孩子 姓 说话 女人 不准 反驳 屌 子 掉皮 现场 谁生 孩子 姓 女人 至上 女人 说话 公的 闭嘴 博主 分享 韩国 女同胞 说 博主 粉丝 赞同 一口 女同胞 你长 子宫 代表 女同胞 嫖 赌 杀人 犯罪 绝世 女人 女人 说话 公的 闭嘴 听不懂 女同胞 点赞 女权 女孩 聊天 地方 屌 子 说话 份 姓 都行 男 姓 男 传姓 简单 听懂 钱 银行 里 手里 钱 姓 传到 姓 追溯到 源头 姓 女生 女人 有姓 男人 无姓 姓 女 祖宗 姓 文盲 闭嘴 不好意思 姓 认同 创个 姓 女人 生 随母 姓 唯一 公平正义 不让 女人 传姓 巧妙 话术 目的 剥削 女性 男女 互爱 女人 生 孩子 男人 姓 不好意思 互爱 兴趣 男女平等 互爱 男人 以身作则 互相监督 不让 孩子 冠父 姓 做起 女人 卖命 生 孩子 随母 姓 男性 剥削 女性 谈不上 平等 互爱,1
885,拳师 下次 打拳 非 污名 化 娱乐 化 女权 下次 讲理,1
886,咯 男方 看着 女方 包小包 不闻不问 一种 风度 情商 低,1
887,一点 全让 女生 有失 风度 分担 点 讲道理 男朋友 包小包 背着 提着 好受,1
888,底下 无视 层主 论点 扯 一堆 没用 建议 拉黑 争论 直男癌 值得 争论,1
889,女性 不公 强权 弱势 压迫 拳师 引出 性别 对立 批判 强权 男性 贬低 心理 平衡 男性 受 强权 压迫 外 平白 受女 拳 闲气 说理,1
890,女同胞 找 抱怨 孩子 姓氏 说 搞搞 姓 爸姓 女权 这是 弥补 爸 没生 儿子 遗憾 搞清楚 逻辑关系 这才 女人 踩下去,1
891,田园 女权 性别 角度 解释 女权主义者 尝试 定义,1
892,说 男女平等 没用 钱 心头肉 中国 多只 儿子 买房 女儿 买 招聘 男士 就业机会 女士 几倍 哪门子 平等 挺 爸妈 不疼 社会 不爱 只能 老公 负担 买房 养家 重任 有钱 有房 男生 算 因得 果 男权 社会 加油 ง • ̀ • ́ ง,1
893,客场 刷 感 女 👊 🏻 教主 第一 女权 ≠ 女 👊 🏻 侮辱 女权 女 👊 🏻 天天 网上 四处 打拳 恶心 所有人 反 第三 一有 违法犯罪 扯 男权 女权 强行 沾包 有意思,1
894,微博女 拳师 男 拳师 先 开炮 不得而知 网络 环境 理智 困难 带走 节奏 一名 男性 支持 女权运动 支持 女人 享有 同等 权利 地位 激进 做法 太极拳 迷惑,1
895,性侵 可耻 顺便 问 王攀 死,1
896,女性 歧视 干脆 找个 男 共渡 一生,1
897,哪位 男 网友 鉴定 师 女权 男性 定义 男性 标准 女权,1
898,说不出 说 废话 不想 耳朵 掩 占理 小孩 男性 真的 想 参与 女权 起码 女性 角度 出发 男性 既得利益 角度 女性 做出 资格 说 女性 权益 指点 这话 课本 里 写 无产阶级 资本家 领导 共产 奴隶 奴隶主 争权 ❓ 女性 呼吁 男 网友 说 女拳 两个 字 话 明白 用不着 解释 网友 理解能力 偏差 道理 简单 话 说 明白,1
899,女权 追求 女性 应有 权利 社会 环境 里 工作 受 教育 机会 言语 权力 保障 待遇 地位 思想 自由 多方面 男性 优势 成就 性别 带来 女权 本来 男性 定义 女性 生育 自由 男性 女性 生育,1
900,女权 男性 定义 男性 标准 分类 改变 性别 处境 想着 男性 既得利益 称为 女权 默默 付出 讲求 女性 权利 女性 女性 女权 妈 肯定 父母 生理功能 人类 爸会 付出 妈 男人 服从 女人,1
901,公共 平台 讲完 一步 预谋 细节 预谋 错误 一波 节奏 男人 强奸犯 找 理由 女人 洗脑 无所谓,1
902,东西 围绕 女性 开发 营销 设计 男 娘化,1
903,真 说 姓氏 说 随便 纠结 骂 男权 骂 说 田园 女权 脏话 说 男 说不出口 脏话 真的 惊呆,1
904,承认 90 女性 婚姻 里 驴 事实 没什么,1
905,说 不通 父权 话语 优秀 女性 走 不到 核心,1
906,搞错 女权 提倡 不婚 不育 男女之间 彩礼 相争 男权,1
907,男人 女人 成 麻烦 社会性 厌女 豆瓣 踮子 美国 科技 公司 工作 男生 说 metoo 在职 场 靠近 女生 les 想法 领导 豆瓣 直女 沾沾自喜 男生 制造 不必要 麻烦 为荣 无比 感慨 直女 平均 智商 低下,1
908,饭圈 女孩 污名 化 说 货榜 男 流量 占据 难 解决 追星 女孩 确实 喜欢 帅哥,1
909,子宫 肌瘤 贬义词 发 大火 干什么 骂 莎 子宫 肌瘤 贬义词 🐎 生产 时 多长 坨子 宫 肌瘤 产科医生 一看 可惜 👁 ️ 🧠,1
910,哗众取宠 第一 打人 错 性别 信仰 立场 刻意 性别 男人 女人 女人 维护 忽略 立场 信念 女权主义者 反 女权主义者 工作者 女权主义者 维护 表述 差别 太 混淆视听 第三 被打者 服务 报社 做,1
911,发现 果子狸 写字楼 大妈 无脑 女权 相比 理智 平和 抱歉 放在 辱 身份,1
912,前 一阵 有个 男 受害 女说 找 报纸 找 找 女权 博主 帮忙 喜欢 心心念念 想 讨好 主子 明镜,1
913,素养 女性 尊重 男性 认可 价值 男性 尊重 女性 平等 地位 歧视 无限 讨好 女性 形象 恶臭 屌丝 男士 女 👊 🏻 信不信 一拳 打飞 男性 做 他妈的 断 手 缺 腿 残疾 智障 人士 生活 自理,1
914,真实 男生 发 好凶 好球 弹幕 没人 说 女生 发 点 表达 异性 喜爱 弹幕 饭圈 母狗,1
915,逻辑 母系社会 最最 老祖宗 东西 老祖宗 东西,1
916,爹味 冲淡 姨味 占 辈分 便宜 挺 爽,1
917,足够 强大 社会 女性 力量 男权 主义 basura 狠狠 一击 男权 主义者 贬低 女性 抬高自己 逃避 basura 事实 世界 国家 女权运动 罢工 运动 有用 中国 麻木 大部分 人连 生活 保障 力量 女性 权利 爆发 很快 淹没 网爆 案例 依旧 改变,1
918,说 不婚 女 不带 生气 本来 婚女 不婚 女 渴婚 女 三个 中性词 发自内心 婚姻 东西 感受 侮辱,1
919,男 女权 麻烦 自宫 做 真 女权,1
920,梦蒙 女权 做 女权 生意,1
921,女性 行李 说 瞧不起 女性 行李 小事 计较 没帮过 分担 重量,1
922,搞 吸脑 残粉 变现 挣钱 手段 多着呢 几天 那种 女权 博主 发现 奥秘 女人 真的 努力 抗争 权利 一件 事 真的 女权 作 幌子 干得 下三滥 勾当,1
923,计较 前提 估计 说 女方 不好 性别 互换,1
924,二八 定律 总会 有人 幸福 男人 幸福快乐 喝 喝酒 抽一 晚上 烟 合着 男人 做 基础 女人 基础 幸福快乐 远离 不公 横眼 做 田园 女权 欠 女人 思维 方法 选择 男人 做 基础 想 幸福快乐 远离 尘世 纷扰 代价 女性 想,1
925,面前 主义 背后 生意 说 假 女性 平权主义 思想认识 格局 未来 传销 邪教 女性 平权 需 受过 教育 三观 正 思想 独立 自强 女性 引领 撒 贝宁 问 一位 女性 海军军官 说 喜欢 穿 价值连城 物品 身上 东西 穿 用过 价值连城 女权 尊重 认可,1
926,没脑子 随便 代表 女性 田园 女权 想 对号入座 妄想 一步登天 只会 利益 放在 虚拟 网络 幻想 里 激进 思想 现实 世界 中不经 大脑 冲动 做 荒诞 邪教 持续 发展 健康 理念 坚实 理论 基础 实践者 强大 力 奉献精神 难以为继 至少 激进 田园 女权 条件 倒 邪教,1
927,错误 性别 站队 敌人 不公 差别 歧视 性别 女权 好样 女拳 舒服 真的 讨厌 那种 杆子 拍死 男性,1
928,真的 神经病 田园 女权 博主 评论 男,1
929,真的 心寒 完完全全 男权 邀功请赏,1
930,女权 讲道理 摸 花 衬衫 自问 Feminazi 女人 纳粹 讲道理 对象,1
931,高高在上 资本 家庭 长得 好人家 优秀 看不起 弱 🐔 男 女子 下嫁 不算 女拳 笑话 更何况 中国 男女比例 平衡 垃圾 男 看不起 找 不到 对象,1
932,时代 一套 取其精华 弃 糟粕 还活 旧社会 女子 地位 低下 女子 嫁 人妻 人妻 生子 学会 三从四德 祝您 找到 以夫 天 妻子 找 不到 结婚,1
933,说 男性 听到 男性 价值 尊重 说 想 听到 可悲,1
934,metoo 运动 组 厌 男 招新 男生 男人 潜在 强奸犯 厌 几千年 说 好像 女,1
935,发现 有钱 男人 穷 男人 离不开 女人 是因为 性 传宗接代 有时候 拥有 女人 奋斗 动力 女人 女人 经济 独立 能力 男人 甩开 实力 说话 地方 女性 互帮互助 实力 男得 挤下去 真 男性 真心 帮 女人,1
936,嫉妒 大部分 男人 养家 体面 生活 朝九晚 过劳死 猝死 一种 现象 一群 ta 潇洒 高喊 口号 权利 ta 男 女 嫉妒 加班 程序 猿 路过,1
937,坚定 反对 女权 决心 弱智 天赋人权 不靠 奋斗 天来 赋予 天 眼里 猴子 区别 索取 权力 对象 权力 来源 责任 义务 嘴 我活 开心 累死累活 从来不 呼吁 权利 这群人 跑 呼吁 权利 讽刺 承担 这份 责任 活该 哭 走 完 开心 走 完,1
938,说 代表 群体 讲 群体 现状 女权 代表 女性 女性 群体 拒绝 责任 社会 垮 呼吁 生命 保障 权,1
939,事到如今 转发 条 人想 搞 婚女 女权 请便 姥子 承认 猪脑子 带不动 爱,1
940,这位 女人 博 同情 仗势欺人 歪曲事实 内心 变态 杀人狂 倾向 人格 分裂 扭曲,1
941,一位 男人 屁股 这女 歧视 男,1
942,我厌 女 厌 大婆 生活 充满 大婆 厌大婆 厌女,1
943,给予 孕妇 堕胎 权 等于 不爱 孩子 母婴 权益 平衡 孩子 出生 母亲 生 孩子 母亲 何益 非 堕胎 情况 父亲 始作俑者 谈何 父亲 母亲 补偿 假定 高中 女孩 意外 怀孕 有权 孩子 生,1
944,本质 是因为 观察 视角 导致 第一波 女权主义 谋求 女性 平权 发展 特权 波 女权 发展 女性 特长 视角,1
945,屌 子 男女平等 男人 杀人 女人 说 说句实话 男拳 精神 温暖 直肠 兄弟 屌 子 天天 想着 指点江山 女人 选择 接盘 感恩戴德 想着 指点 女拳 坐车 出行 找 蛆 蛆 共度 一生 指出 男 蛆 以偏概全 逻辑 带师 厉害 百分之九十 男性 罪犯 凭空 消失 辣 女拳 太 辣 沙 女人 家暴 女人性 侵 男童 女童 女拳 指出 没人要 屌 子 注资 拉赞助 帮 喜欢 正常人 利己 利己 没见 捐 器官 卖屁 y 男同胞 搞 女拳 轮 指点 黑人 运动 白人 告诉 说 搞 确实 欠,1
946,倡导 理念 诉求 迫切 处境 自有 判断 女权主义者 重点 放在 反 歧视 支持 神权 愚蠢,1
947,男性 主导 资本 不想 强女 出头 事业成功 男人 喜欢 找 女强人 老婆,1
948,确实 外貌 展示 外貌 太 那种 挑逗 几个 耍无赖 充分利用 破绽 公关 公众 律师 对垒 漏洞 利用 利用 符不 符合 大众 想法 开拓 人设 路线 公关 律师 几年 前 女 告 简单 说 情绪 女生 利用 沉迷 女色 不能自拔 蛇蝎美人,1
949,婚恋 网 有人 第一句 问 直 男癌 家庭主妇 看法 筛选 掉 99 左女,1
950,田园 女权 世界 男人 点进 微博 一口 哥哥 太帅 哥哥 太有 才华,1
951,女权 女 机会 男人 分担 不婚 啪,1
952,女性 插 受 歧视 男女 做爱 插,1
953,局面 压迫 欺压 女性 数千年 karma 历史 必然性 想要 节奏 程度 走 愤怒 解决不了 男权 执迷不悟 后果 只会 输掉 一方 审视 错误 做 事 讨论 metoo 正确性,1
954,非要 颠倒黑白 散发 恶臭 无可奈何 女拳 事实 田园 男 ⭕ yy 女权 癌 假想 男拳,1
955,镜子 里 高薪 职业 美 自信 憨 隔 说 全职 妈妈 花 完 钱享 完 福 做 完 挨 完 白眼 斗不完,1
956,当今社会 女性 地位 很大 领域 女性 依然 不及 男性 男女平等 推进 女权 理解 嘴里 喊 男女平等 实际上 女性 各个领域 碾压 男性 碾压 男性 搬出 平等 实际上 歧视 男性 概念 女性 特权 歧视 女性,1
957,metoo 女人 力量 男性 认同 感觉 自娱自乐,1
958,男性 被性 侵说 重视 调侃 舆论 男性 性侵 现阶段 已然 弱势,1
959,口 推出 看不上 回答 推论 听听 实在 想 明白 性侵 那种 膀大腰圆 身形 健硕 肥头大耳 中老年 油腻 妇女 口,1
960,女权 定义 平权 😂 只不过 名声 胡乱 搞臭 女性 主义者 嘲笑 嘲笑 类人 田园 女权 婊 女性主义 男性 权益 被忽略了 好多,1
961,精神 虐待 本来 虚 国内 女生 作 男朋友 能告 百分之百 符合 精神 暴力 定义 死扣 定义 提起 精神 暴力 吃亏 女生,1
962,一句 话 MeToo 运动 发展 女 女权 东风 妖言惑众 污蔑 手段,1
963,微博 男性 犯罪率 高于 女性 请 天下乌鸦一般黑 社会 终究 好人 占多数 希望 放下 成见 理性 现实生活 爱 亲情 爱情 友情,1
964,扯 两句 田园 女权 loser 心理,1
965,偷 家里 钱 中学 卖淫 卖 卖 上价 piao 客叫 男朋友 卖 薅 羊毛,1
966,真 厌 男 喝 男人 做 奶茶 店员 男性 走 不买 奇怪 办法,1
967,爱慕 虚荣 ➕ 面子 明明 吊 男人 bb 给予 奢侈品 装逼 事物 男性 恶心,1
968,想起 wb 男 用户 言论 彩礼 伺候 公婆 公认 打认 骂 生 超过 两个 儿子 怀孕 坐月子 期间 吃苦耐劳 吃饭 上桌 老公 手洗 内裤 女权,1
969,男性 性侵 新闻 底下 热评 全是 反讽 机灵 不行 特别 feminist 提出 不妥 理直气壮 说 直 男癌 以牙还牙 每次 低级 发泄 反感 不行 狗咬狗,1
970,惩罚 费尽心机 挖空心思 处心积虑 降分 录取 渗透到 各行各业 处罚 保护 奴子 喜欢 女婴 未死 艰难 出生 洗脑 女弱 女女 相残 免于 性侵 勉强 长大 入学考试 工作 歧视 父母 房车 继承 无望 便宜 贱卖 卖身 免费 代孕 外姓 崽 持家 赚钱 高级 保姆 屌 暴 隐忍 自欺欺人 嫁鸡随鸡 嫁 雕 随雕 恪守 奴职 爱主护主 蒸 女权 香甜可口 屌 奴 出车 送 房 口头 关 屁事 装修 还贷 大款 建设 美好 家庭 上门 养家 冒险 崽 女奴 听 屌 话 称心 诛 九族 吸 血铸 我路 姓 侍 亲 屌 治 百病 跪 恩 不听话 奴 极端分子 钱 没车 没房 屌 屌 炸天 贤良 淑慧 牌坊 某氏 夫人 圣母 称号 身中 屌 毒 妇科病 荣耀 赴 命下 崽 机会 洗 袜子 自由 伺候 祖宗 醛 利 担惊受怕 家暴 生活 负债 倒贴 恩宠 患得患失 出轨 人生 跪 恩,1
971,总有 一种 生 孩子 想法 孩子 婆婆 带娃 老公 亲职 投资 姓 男人 帮忙 养 孩子,1
972,描述 钱花 光光 男人 使劲 花钱 女权,1
973,男 麻烦 干个 事情 磨磨 唧唧 女 早 事情 弄,1
974,安心 裤 抢 毛病 女人 得不到 女人 男人 不到,1
975,武术 跆拳 黑 体力 运动 一项 比较突出 健身 肌肉 女性 男 评论 这女 驾驭 老公 憋屈 吵架 男 说话 打死 婚姻 男 说 道理 情况 武力 压制 女方 女 驾驭 憋屈 打死 群 男 干 偏激 干嘛 男 挑起 性别 对立 兄弟 吵 听 女拳 出击 完 事儿,1
976,确实 反驳 无话可说 翻 帐号 记录 签名 说 说 下定义 贴标签 作个 靶子 戴 女拳 理智 帽子 再理 仿佛 逻辑 一方,1
977,男人 女人 第一件 事 驾驭 只会 男 家暴 倾向,1
978,社会 赚钱 职业 招聘 限 男优 男 军警 男人 女人 不肯 干 不让 女人 干 医院 招聘 优先 男性 建议 医院 招聘 公告 找 医学生 录取 情况 医院 招聘 优先 男性 警察 消防 军人 招聘 限男 招 女性 分数线 男性 高,1
979,训练 说 女 不行 李兰娟 休息 百分之七十 女 医护 休息 女 副 总理 第一 时间 到达 一线 指挥 事 疫情 前线 医护 百分之七十 女性 减轻 负担 说 太 辛苦 适合 女性 女 换下来 男人 瘦弱 男性 不用 系统 训练,1
980,婊子 赶紧 死 没人 能治,1
981,女人 男人 思想 本来 男权 产物 女拳 语录 男人 压力 女人 房要 车要 彩礼 反 女权 眼界 太小 女权 身为 男人 平等 出生 权 受 教育权 同工同酬 财产继承 育儿 权利 女人 被迫 上门 媳妇 拘泥于 婚姻 里 男人 婆婆 斗智斗勇,1
982,当心 正确 道路 走向 绥靖 政策 误解 发言 场景 发言 温和 男权 吸纳 希望 保持警惕 思辨 女权运动 初级阶段 所有人 言行 符合 现实 错 男权 做 斗争 只不过 大部分 男人 人会 撕 三观 正 男性 那斗 男性 生 孩子 生 男孩 继承权 默认 男性 大部分 男性 所得 理所当然 女人 无理取闹 追 不到 女孩 想 强奸 打杀 女性 拐卖 买家 男性 不斗 男权 斗 男性 给权 给钱 资源 说 教育权 工作 权 财产权 继承权 一项 一项 吐出来 批判 男性 中 败类 女性 男性 印象 不好 男性 败类 败坏 男性 名声 男权 无视 女性 遭受 苦难 引来 反抗 时间 搞 诛 心论 先 批判 出轨 男性 家暴 男性 别看 几本书 天天 阴谋论 笑 死 人为 设置 优势 资源 分配 本质 钱 权 资源 女性 几样 东西 抹平 男权 优势 空中楼阁 基础 光想造 101 大楼 睡醒 理解力 我换个 方式 讲 女性 创造 140 男性 创造 140 总产值 280 男性 分得 196 女性 84 懂吗 理理 逻辑 懒得 逻辑 理顺,1
983,猪 一胎 六七个 比不上 猪 小猪 长大 再生 吃 蛆 只能 垃圾 祸 人间,1
984,说到底 女性 同理 心 讲 厌女,1
985,激进 拖 女性 后腿 运动 发展 规律 😂,1
986,说法 女权 支持 特朗普 伊斯兰教 法对 女性 迫害 特朗普 那点 性别歧视 连提 值得 提 特朗普 伊斯兰 势力 扩展 反对者 真心 弄 懂 放着 绿教 怼 怼 特朗普 心态,1
987,喷 msl 说 少管 爱看 抗议 说 感觉 迫害 直 男癌,1
988,女性 男性 学识 财力 平等 现今 母系社会 鬼,1
989,厌女 指责 点 是因为 女 女 理由 厌恶 厌 女 理由 是因为 理由 而厌 女性 而厌 性别 女,1
990,知乎 反 女权 好像 排 犹 不婚 主义 看做 剥夺 家庭 财产 德国 犹太人 引进 土耳其人 国男 沦丧 地位 可怕 种族主义 一点 意外 女权 第一个 加速器 哪有什么 女权 男权 消费 降级 收割,1
991,婚女 搞 女权 资本 丈夫 绑定 命运 共享 没本事 自顾不暇 天天 鸡毛蒜皮 说不完 单女 拖累 男方 吸血 自由自在,1
992,微博 男拳 只会 喷 屎 现实 中蹭破 一点 皮 心疼 心疼 骨头 软 国家 男拳 跟上,1
993,女人 男人 想法 屌 癌 无疑,1
994,这类 女生 阻止 女性 平权 运动 推进,1
995,女性 男性 理智 说出 话 理性 男人 女性 小号 引战 麻烦 男人 言论,1
996,目的 引发 国内 社会 矛盾 女拳 有人 结 工资 境外 势力 巴不得 培养 女拳 跟动 保公知 金主,1
997,女 选择 爱情,1
998,同意 乔怡心 男权 早就 一种 几千年 邪教,1
999,男 直 男癌 网上 发言 键盘 侠,1
1000,为啥 支持 堕胎 权 反对 堕胎 权 上街 反 特朗普 真 女权 准话 好不好 伊斯兰教 徒 伊斯兰教 义 天然 反 堕胎 常识 原 po 上下文 告诉 一部分 女权 支持 堕胎 反 特朗普 一部分 女权 反对 堕胎 反 特朗普 真 女权,1
